0.743774,0.746906,0.749454,0.752697,0.757512,0.762280,0.767811,0.772559,0.777507,0.781362,0.785290,0.789799,0.793060,0.796679,0.801121,0.805367,0.809301,0.812695,0.816536,0.820334,0.824196,0.827101,0.829964,0.833450,0.836043,0.839716,0.842390,0.845764,0.848849,0.851789,0.854291,0.857107,0.858692,0.861013,0.863638,0.865903,0.867830,0.869305,0.872245,0.874169,0.875775,0.878280,0.880287,0.882117,0.883953,0.884988,0.886363,0.887938,0.889661,0.890360,0.891091,0.891152,0.891217,0.892458,0.892952,0.893485,0.893526,0.893478,0.893774,0.894167,0.893409,0.893715,0.892555,0.892261,0.891876,0.891330,0.890365,0.888981,0.888457,0.887503,0.886429,0.884496,0.882380,0.881727,0.880921,0.880061,0.878496,0.876343,0.874639,0.873003,0.871601,0.869827,0.867393,0.865281,0.863718,0.861271,0.858470,0.854531,0.851366,0.847616,0.843342,0.838702,0.833662,0.828978,0.823842,0.818566,0.818381
0.748205,0.750022,0.752014,0.755011,0.759179,0.764076,0.768891,0.772685,0.776875,0.780380,0.783988,0.788869,0.792904,0.796133,0.800247,0.804146,0.808100,0.811844,0.815809,0.819626,0.823161,0.826570,0.829641,0.832555,0.835415,0.838966,0.841797,0.845211,0.848457,0.851066,0.853546,0.856485,0.858822,0.860986,0.863035,0.865417,0.867308,0.869542,0.871869,0.873623,0.875647,0.877362,0.879352,0.881038,0.882538,0.883835,0.885552,0.886571,0.887812,0.888372,0.889270,0.889977,0.890405,0.890920,0.891318,0.891667,0.892504,0.892850,0.892167,0.892451,0.892738,0.892408,0.891786,0.891483,0.890862,0.889870,0.888910,0.888195,0.886774,0.885819,0.885044,0.883650,0.881381,0.880294,0.879535,0.878494,0.876853,0.875069,0.873121,0.871690,0.869786,0.867613,0.865660,0.863091,0.861870,0.859719,0.856751,0.853509,0.850212,0.847477,0.843116,0.838719,0.834340,0.830072,0.825296,0.821037,0.822073
0.755297,0.756436,0.758475,0.761348,0.765481,0.769646,0.770253,0.773561,0.781323,0.784691,0.788780,0.792911,0.796928,0.800504,0.804517,0.808313,0.812057,0.816119,0.820264,0.823807,0.827230,0.831050,0.834109,0.836913,0.840199,0.843654,0.846544,0.849763,0.853050,0.855745,0.858053,0.860567,0.863597,0.865752,0.867703,0.870467,0.872191,0.874554,0.876665,0.878872,0.880223,0.882501,0.884231,0.886084,0.887644,0.888961,0.890395,0.891384,0.892278,0.893078,0.893585,0.894036,0.894681,0.894929,0.895870,0.896129,0.896382,0.896349,0.896490,0.896590,0.896527,0.896326,0.895943,0.895063,0.895131,0.893986,0.893224,0.892197,0.891578,0.890304,0.888894,0.887627,0.885721,0.883896,0.883044,0.881762,0.880844,0.879422,0.876713,0.874865,0.873474,0.871619,0.869519,0.866915,0.864962,0.863261,0.860997,0.857980,0.855128,0.852002,0.848366,0.843991,0.839851,0.835928,0.831873,0.827818,0.829078
0.762312,0.763214,0.764733,0.767696,0.771070,0.775247,0.771275,0.777856,0.786542,0.789399,0.793390,0.797481,0.801717,0.805245,0.808315,0.812829,0.817245,0.821168,0.825226,0.828880,0.832330,0.835806,0.839068,0.842104,0.844971,0.848208,0.851865,0.854998,0.857737,0.860495,0.862724,0.865004,0.867715,0.870166,0.872813,0.875021,0.877362,0.879326,0.881326,0.883416,0.885219,0.887337,0.889038,0.890713,0.892365,0.894008,0.894618,0.895569,0.896387,0.896816,0.898019,0.898574,0.899023,0.899684,0.900258,0.900273,0.900903,0.900797,0.900714,0.901141,0.901228,0.901001,0.900284,0.899434,0.898904,0.898656,0.897622,0.896507,0.895619,0.894488,0.893525,0.891573,0.889958,0.888478,0.886710,0.885905,0.884370,0.882663,0.880975,0.878660,0.876963,0.875240,0.872327,0.870582,0.868591,0.866445,0.864660,0.862570,0.859429,0.857106,0.853811,0.849488,0.845869,0.841429,0.837942,0.834640,0.835582
0.769020,0.770053,0.771171,0.773345,0.776691,0.778091,0.779278,0.787433,0.790993,0.794623,0.797937,0.802601,0.806444,0.809938,0.813289,0.818188,0.822173,0.826207,0.830210,0.833421,0.837108,0.840468,0.843693,0.847177,0.850074,0.853279,0.856345,0.859904,0.862760,0.864710,0.867762,0.870366,0.872662,0.874904,0.877539,0.879663,0.881413,0.883879,0.885543,0.887785,0.890313,0.891916,0.893660,0.895283,0.897612,0.898503,0.899303,0.900101,0.901587,0.902073,0.902441,0.902704,0.904210,0.904344,0.904798,0.905305,0.905842,0.905958,0.905923,0.906172,0.906033,0.905489,0.905570,0.904523,0.903566,0.903112,0.902028,0.901554,0.900230,0.899216,0.898427,0.896456,0.894431,0.892884,0.890734,0.890567,0.888630,0.886572,0.884624,0.883464,0.881783,0.879760,0.877197,0.874586,0.872647,0.870531,0.868441,0.866014,0.864127,0.862268,0.859198,0.854982,0.851244,0.847429,0.844285,0.840942,0.842140
0.775499,0.776814,0.777487,0.779346,0.782914,0.782573,0.785791,0.793102,0.796214,0.799921,0.803635,0.807965,0.811857,0.815882,0.819658,0.823924,0.827371,0.831100,0.835027,0.838663,0.842182,0.845184,0.848775,0.852121,0.855337,0.858716,0.861764,0.864978,0.868067,0.870334,0.873557,0.876183,0.878342,0.880944,0.883334,0.885267,0.887069,0.889622,0.891765,0.894361,0.895602,0.897684,0.899468,0.900886,0.902958,0.904132,0.905029,0.906230,0.907145,0.908382,0.908966,0.909400,0.910151,0.910212,0.910914,0.911496,0.911359,0.911661,0.911408,0.912114,0.911930,0.911520,0.911450,0.910446,0.910117,0.909433,0.908066,0.907177,0.905944,0.904396,0.903777,0.901960,0.900014,0.898365,0.896840,0.894855,0.893575,0.891203,0.888787,0.888193,0.886683,0.883974,0.881911,0.879514,0.877231,0.875379,0.873075,0.870308,0.869046,0.866984,0.864758,0.861174,0.856918,0.853330,0.850694,0.847251,0.848937
0.781449,0.781461,0.783341,0.784936,0.788033,0.788681,0.793932,0.798480,0.801990,0.805567,0.809467,0.813779,0.817810,0.821553,0.825513,0.829456,0.833317,0.837090,0.840593,0.844455,0.847888,0.851255,0.854649,0.857846,0.860991,0.864432,0.867234,0.870409,0.873469,0.875701,0.878056,0.881905,0.884111,0.886379,0.888880,0.891181,0.893503,0.895462,0.897824,0.900399,0.902038,0.903913,0.905082,0.906072,0.907363,0.909233,0.910661,0.911766,0.912587,0.913262,0.909942,0.914835,0.915899,0.916064,0.916675,0.916969,0.917323,0.917638,0.917421,0.917729,0.917446,0.917238,0.916670,0.915602,0.915072,0.914537,0.913691,0.912330,0.911155,0.909931,0.908902,0.906811,0.905547,0.903566,0.901684,0.899711,0.898176,0.896959,0.895295,0.893026,0.891373,0.888951,0.886826,0.884700,0.882398,0.880049,0.878342,0.875792,0.873533,0.871723,0.869056,0.865845,0.862223,0.859207,0.856436,0.853610,0.856350
0.786820,0.786419,0.789493,0.790850,0.793255,0.796623,0.800741,0.804080,0.807569,0.810951,0.814826,0.819212,0.822577,0.826886,0.830956,0.834618,0.838674,0.842540,0.845982,0.849463,0.853587,0.856643,0.859935,0.863074,0.866712,0.870095,0.873083,0.875433,0.878752,0.881370,0.883772,0.887262,0.889500,0.892245,0.895033,0.896547,0.899066,0.901225,0.903430,0.905411,0.907973,0.909178,0.910779,0.911876,0.913655,0.915352,0.915915,0.917494,0.917856,0.919179,0.919588,0.920898,0.921438,0.921525,0.922211,0.922851,0.922738,0.923027,0.923263,0.923580,0.923418,0.922891,0.922336,0.921487,0.920574,0.919958,0.919172,0.917352,0.916733,0.915618,0.914338,0.912834,0.910740,0.909281,0.907644,0.905325,0.903922,0.901983,0.900118,0.898508,0.896772,0.894311,0.892242,0.890256,0.887625,0.885578,0.883323,0.881091,0.878807,0.876744,0.872752,0.868811,0.868518,0.865792,0.863047,0.860830,0.863325
0.794062,0.794787,0.794646,0.796159,0.798857,0.801804,0.805645,0.809249,0.812784,0.816117,0.820054,0.824462,0.828227,0.832214,0.836203,0.840403,0.844029,0.847651,0.851231,0.854954,0.858869,0.861940,0.865170,0.868574,0.872306,0.875641,0.878696,0.881677,0.883802,0.886914,0.889821,0.892499,0.895015,0.897787,0.900776,0.902261,0.904703,0.906846,0.908903,0.910552,0.912784,0.914781,0.916375,0.917673,0.919076,0.920739,0.921070,0.922418,0.923776,0.925258,0.925849,0.926661,0.927194,0.927193,0.927546,0.928650,0.928892,0.929379,0.929280,0.929709,0.929376,0.928321,0.928229,0.927957,0.926909,0.926055,0.924929,0.923738,0.922947,0.921275,0.920047,0.918820,0.917085,0.915190,0.913490,0.911692,0.909608,0.907982,0.905931,0.904135,0.902621,0.900218,0.897663,0.895000,0.892572,0.890618,0.888142,0.886637,0.883885,0.881694,0.878944,0.876278,0.873610,0.871084,0.869389,0.867414,0.869987
0.799387,0.799310,0.799535,0.801103,0.804126,0.807021,0.810573,0.813884,0.817800,0.821560,0.825452,0.829554,0.833423,0.837581,0.841416,0.845273,0.849271,0.853201,0.856872,0.860429,0.864038,0.867200,0.870192,0.873767,0.877325,0.880775,0.883825,0.886400,0.889153,0.892330,0.895165,0.897836,0.899883,0.902822,0.905105,0.907429,0.909760,0.912214,0.914200,0.916264,0.918112,0.920104,0.921665,0.922429,0.924169,0.925987,0.926580,0.927739,0.929703,0.930768,0.931297,0.932314,0.933227,0.933772,0.933659,0.933857,0.934551,0.934996,0.934899,0.935235,0.934941,0.934238,0.933756,0.933460,0.932939,0.931700,0.930116,0.929208,0.928059,0.927031,0.925307,0.923743,0.922076,0.920677,0.918854,0.916863,0.914806,0.913295,0.911611,0.909330,0.907357,0.905109,0.902798,0.900570,0.897938,0.895344,0.893111,0.891543,0.888826,0.886479,0.884065,0.880465,0.878245,0.876109,0.874578,0.873737,0.877358
0.804448,0.805175,0.805086,0.806599,0.809167,0.812104,0.816010,0.819553,0.823289,0.826945,0.831136,0.835083,0.839093,0.842793,0.846956,0.850465,0.854437,0.858057,0.861941,0.865532,0.869341,0.872558,0.876211,0.879274,0.882560,0.886156,0.889235,0.892571,0.895545,0.898062,0.900817,0.902890,0.905529,0.908587,0.910354,0.912686,0.915069,0.917728,0.919723,0.921538,0.923762,0.925317,0.926799,0.928062,0.929930,0.931257,0.932170,0.933543,0.934917,0.935766,0.936960,0.937948,0.938080,0.938860,0.939465,0.939929,0.940297,0.940501,0.940965,0.940859,0.940243,0.939646,0.939734,0.938377,0.935642,0.936885,0.934893,0.934185,0.933653,0.932610,0.931386,0.929281,0.928133,0.925807,0.923386,0.922741,0.920525,0.918821,0.917230,0.914716,0.913163,0.910739,0.908494,0.906372,0.903463,0.901051,0.899011,0.896916,0.894514,0.892091,0.889200,0.885973,0.883601,0.881423,0.879668,0.877226,0.882929
0.809293,0.809747,0.810027,0.811517,0.813991,0.817066,0.820972,0.824946,0.828986,0.832337,0.836574,0.840684,0.844319,0.848006,0.851840,0.855665,0.859810,0.863554,0.867480,0.870880,0.874686,0.877929,0.881466,0.884565,0.888092,0.891642,0.895029,0.898077,0.901346,0.904078,0.906549,0.909325,0.911821,0.914022,0.916492,0.918574,0.921032,0.923214,0.925596,0.927715,0.930064,0.931848,0.933190,0.934264,0.936108,0.937111,0.938392,0.939944,0.941296,0.941780,0.943775,0.944136,0.944842,0.944752,0.945296,0.946302,0.946131,0.946432,0.946980,0.946616,0.945992,0.945875,0.945480,0.942469,0.936663,0.942495,0.941318,0.940454,0.939462,0.938368,0.936352,0.935287,0.934841,0.931574,0.929404,0.928671,0.926452,0.924773,0.922569,0.920453,0.918266,0.915954,0.913612,0.911331,0.909125,0.906525,0.904388,0.902483,0.900081,0.896942,0.893818,0.890469,0.888165,0.885847,0.884455,0.882702,0.888101
0.815160,0.815364,0.815822,0.816981,0.819641,0.822922,0.826377,0.830043,0.834269,0.837409,0.841476,0.845873,0.849996,0.853819,0.857193,0.861246,0.865194,0.868541,0.873028,0.876636,0.880155,0.883712,0.886457,0.890396,0.893947,0.897256,0.900685,0.903954,0.906722,0.910086,0.912068,0.915002,0.917730,0.919535,0.922007,0.924422,0.926416,0.929007,0.931255,0.933239,0.935848,0.937840,0.938999,0.940155,0.941897,0.943466,0.944288,0.946187,0.947667,0.948391,0.949282,0.949866,0.950429,0.950167,0.950891,0.951254,0.951665,0.951941,0.952064,0.951830,0.951809,0.951441,0.950458,0.947857,0.947887,0.948587,0.947301,0.946193,0.945243,0.943683,0.941744,0.941013,0.940257,0.938299,0.936040,0.934203,0.931931,0.930063,0.928175,0.924994,0.923425,0.920904,0.918438,0.916212,0.914274,0.911987,0.910028,0.907672,0.904520,0.901531,0.899301,0.895679,0.893910,0.890898,0.888970,0.888261,0.893294
0.819904,0.819871,0.820668,0.822348,0.825025,0.827996,0.831590,0.835500,0.839396,0.843396,0.847052,0.850445,0.854341,0.858724,0.862357,0.865888,0.870137,0.874084,0.877908,0.881342,0.885453,0.888909,0.892038,0.895996,0.899095,0.902668,0.906346,0.909167,0.912157,0.915237,0.917905,0.920390,0.922963,0.924607,0.927157,0.930069,0.932252,0.934874,0.937545,0.939061,0.941186,0.943547,0.944708,0.946579,0.948014,0.949265,0.950548,0.951888,0.953246,0.954414,0.955412,0.955922,0.956101,0.956384,0.957284,0.957332,0.957489,0.957755,0.957768,0.957527,0.957173,0.957220,0.956343,0.951942,0.954136,0.953486,0.952551,0.951424,0.950752,0.949227,0.948092,0.946792,0.945567,0.943898,0.941559,0.939334,0.937616,0.935561,0.933046,0.930663,0.928722,0.925933,0.924128,0.921617,0.918971,0.917131,0.915254,0.913022,0.910178,0.907423,0.903508,0.901426,0.899700,0.897236,0.894237,0.893510,0.899465
0.824381,0.824592,0.825130,0.826423,0.829423,0.832385,0.836517,0.840046,0.843887,0.848235,0.852099,0.855593,0.859535,0.863495,0.867294,0.870727,0.874904,0.878800,0.883081,0.886942,0.890732,0.894078,0.897602,0.900823,0.904409,0.907824,0.911461,0.914667,0.917906,0.920919,0.923187,0.925898,0.928441,0.931068,0.933714,0.935840,0.938066,0.940836,0.943027,0.944548,0.946497,0.948768,0.950958,0.952449,0.953751,0.955127,0.956402,0.957762,0.959075,0.959930,0.961263,0.961331,0.962154,0.962050,0.963127,0.963342,0.963166,0.963667,0.962892,0.963201,0.963110,0.962387,0.961859,0.960633,0.959658,0.959223,0.958472,0.957296,0.955503,0.954807,0.953981,0.952642,0.950873,0.949348,0.946891,0.944542,0.942789,0.941004,0.938460,0.936018,0.933817,0.931355,0.929033,0.926578,0.924387,0.922804,0.919915,0.918473,0.915581,0.912420,0.909033,0.906638,0.904510,0.901890,0.900172,0.899188,0.903970
0.828936,0.829079,0.830024,0.832012,0.834331,0.837176,0.841609,0.845060,0.848868,0.853011,0.856715,0.860629,0.863939,0.868086,0.872280,0.876037,0.880345,0.884352,0.888237,0.892348,0.895845,0.899073,0.903074,0.906134,0.909958,0.913307,0.916757,0.919924,0.923163,0.925982,0.929398,0.931830,0.934363,0.937054,0.939552,0.942192,0.944814,0.946798,0.948958,0.950610,0.952638,0.954624,0.956560,0.957730,0.959383,0.960675,0.961728,0.963416,0.964003,0.965749,0.966621,0.964199,0.967345,0.967483,0.968704,0.968234,0.968617,0.968794,0.969114,0.968379,0.968041,0.967987,0.965732,0.964819,0.964398,0.964657,0.963510,0.962327,0.961105,0.959629,0.958716,0.957437,0.956384,0.954820,0.952668,0.950615,0.948356,0.945905,0.943311,0.941199,0.938863,0.936755,0.934255,0.932329,0.929877,0.925838,0.924524,0.923550,0.920623,0.914560,0.914098,0.910831,0.908460,0.906151,0.904597,0.903978,0.908227
0.832194,0.832809,0.833988,0.835774,0.838717,0.842082,0.846140,0.849866,0.854160,0.857673,0.861584,0.865281,0.868876,0.872800,0.876829,0.881000,0.884760,0.888912,0.892599,0.896703,0.900424,0.904235,0.907937,0.911272,0.915054,0.918348,0.922006,0.925029,0.928653,0.931413,0.934410,0.937296,0.939771,0.942555,0.944974,0.948131,0.950227,0.952568,0.954926,0.956804,0.958508,0.960648,0.961680,0.963735,0.965306,0.966994,0.968319,0.969408,0.969644,0.971205,0.972237,0.972643,0.973087,0.973061,0.974338,0.974556,0.974830,0.974925,0.975424,0.973083,0.971481,0.972339,0.969590,0.969634,0.970918,0.970254,0.969149,0.968073,0.967185,0.965380,0.964352,0.962925,0.961482,0.960251,0.958516,0.955892,0.953543,0.951740,0.949242,0.946298,0.943957,0.941875,0.939612,0.936973,0.935134,0.932365,0.930114,0.928141,0.926136,0.918206,0.917445,0.916076,0.913845,0.910732,0.908050,0.907860,0.912998
0.836455,0.837622,0.838629,0.840453,0.843387,0.847103,0.850741,0.854298,0.858389,0.862397,0.866100,0.870074,0.874087,0.877677,0.881693,0.885982,0.889866,0.893962,0.897412,0.901404,0.904876,0.909283,0.912949,0.916324,0.920344,0.923644,0.926986,0.929836,0.932908,0.936499,0.940259,0.942827,0.945496,0.948105,0.950830,0.953345,0.955230,0.958164,0.960330,0.961942,0.964079,0.966338,0.967502,0.969513,0.971297,0.972517,0.973864,0.974718,0.975990,0.976705,0.977681,0.978416,0.978859,0.978953,0.980040,0.979681,0.979414,0.980663,0.980001,0.979710,0.978919,0.977935,0.977615,0.977423,0.976846,0.975926,0.975234,0.974105,0.972677,0.971451,0.970316,0.968319,0.967507,0.966253,0.963930,0.961538,0.957943,0.956521,0.953392,0.952271,0.950068,0.947184,0.944855,0.942439,0.940057,0.937950,0.935081,0.932821,0.930497,0.927903,0.924962,0.921636,0.918483,0.915832,0.912502,0.912465,0.918336
0.841916,0.842402,0.843813,0.845662,0.848105,0.851317,0.855212,0.859253,0.863132,0.867028,0.870689,0.874722,0.878601,0.882677,0.886945,0.890940,0.894578,0.898549,0.902685,0.906264,0.910001,0.914288,0.917861,0.921616,0.925183,0.928351,0.931812,0.935091,0.938194,0.942060,0.945400,0.948014,0.950918,0.952961,0.955932,0.958194,0.960828,0.963327,0.965596,0.967767,0.969859,0.971467,0.973700,0.975178,0.977038,0.978596,0.978836,0.980233,0.981305,0.982184,0.983345,0.984370,0.984592,0.983817,0.984686,0.985259,0.985506,0.985388,0.985515,0.985152,0.984315,0.982885,0.982211,0.982730,0.981866,0.980487,0.979788,0.979005,0.977817,0.976191,0.974948,0.973483,0.971929,0.970228,0.968795,0.966898,0.964185,0.961415,0.958564,0.957330,0.954673,0.951945,0.949963,0.947546,0.944690,0.941964,0.939478,0.937294,0.934866,0.932440,0.929452,0.926138,0.923539,0.920722,0.917465,0.918241,0.923546
0.846604,0.846900,0.847918,0.850247,0.852812,0.855334,0.859555,0.863593,0.867585,0.871015,0.875154,0.878930,0.882822,0.886966,0.891376,0.895219,0.899823,0.903574,0.907534,0.911387,0.914853,0.919162,0.922905,0.926530,0.930182,0.933321,0.937280,0.940096,0.943969,0.947230,0.950408,0.953589,0.955308,0.958530,0.961558,0.963589,0.965936,0.968027,0.971369,0.973325,0.975476,0.977247,0.979416,0.981413,0.982698,0.983877,0.984979,0.985997,0.986840,0.987227,0.988375,0.989831,0.990692,0.988150,0.989733,0.990572,0.990817,0.991030,0.990988,0.990451,0.989931,0.988849,0.988150,0.987454,0.986320,0.985338,0.984902,0.984600,0.983887,0.981687,0.980449,0.978607,0.977151,0.975518,0.974143,0.972186,0.969646,0.966685,0.964752,0.962233,0.959622,0.956790,0.955115,0.952752,0.950274,0.946857,0.944393,0.942359,0.940193,0.937297,0.934195,0.931258,0.928281,0.925582,0.922579,0.922914,0.929247
0.850477,0.851374,0.852506,0.854554,0.856918,0.859724,0.864407,0.867531,0.871627,0.875665,0.879616,0.883239,0.887122,0.890683,0.895638,0.899650,0.903920,0.907875,0.911828,0.916169,0.920172,0.923827,0.928089,0.931438,0.935276,0.938667,0.942183,0.945388,0.949046,0.952659,0.955560,0.958364,0.961259,0.963996,0.966563,0.968919,0.970937,0.973739,0.976656,0.979264,0.980962,0.983195,0.985180,0.986903,0.987838,0.989405,0.990172,0.991438,0.992537,0.993395,0.994138,0.995617,0.996133,0.996004,0.997323,0.996863,0.996430,0.996699,0.996111,0.995544,0.995849,0.994691,0.993779,0.992535,0.991871,0.990856,0.990415,0.989904,0.988456,0.986948,0.985640,0.983943,0.982284,0.981102,0.979126,0.977000,0.974680,0.972271,0.970020,0.967283,0.965146,0.962252,0.959309,0.957160,0.954859,0.952468,0.949644,0.946968,0.944169,0.941555,0.938832,0.935783,0.933291,0.930575,0.927077,0.926079,0.934012
0.854968,0.855854,0.856506,0.857969,0.861685,0.864860,0.868775,0.872155,0.876794,0.880600,0.884496,0.888039,0.891771,0.895498,0.899823,0.903996,0.908306,0.911902,0.916077,0.920492,0.924616,0.928288,0.932416,0.935841,0.939599,0.943359,0.946831,0.950398,0.954016,0.957143,0.960150,0.963387,0.965176,0.969043,0.971820,0.974082,0.976765,0.979679,0.982395,0.984642,0.986159,0.988348,0.990209,0.991929,0.993842,0.995018,0.996102,0.997291,0.998376,0.999321,0.999788,1.001126,1.002060,1.002290,1.000473,1.001189,1.002188,1.002146,1.001653,1.001743,0.998525,0.999087,0.998821,0.998630,0.997253,0.997063,0.996969,0.995227,0.993671,0.992394,0.990559,0.988897,0.986292,0.986244,0.984820,0.982404,0.979930,0.977874,0.974877,0.971842,0.969551,0.966973,0.964888,0.961811,0.959412,0.957150,0.952288,0.950926,0.948914,0.946118,0.943072,0.940170,0.937854,0.935194,0.932746,0.930273,0.936765
0.859320,0.860072,0.860987,0.862780,0.865774,0.868888,0.872842,0.876757,0.880686,0.884248,0.888351,0.892056,0.896063,0.900016,0.904505,0.908402,0.912851,0.917346,0.921310,0.924903,0.929263,0.932963,0.936258,0.940517,0.944359,0.947902,0.951814,0.955206,0.958415,0.961711,0.965011,0.968990,0.971295,0.974959,0.976899,0.979960,0.982468,0.985126,0.987872,0.989841,0.991890,0.993689,0.995822,0.997476,0.998783,1.000120,1.001489,1.002561,1.003499,1.003892,1.005272,1.006991,1.007929,1.006496,1.000540,1.004473,1.008001,1.006163,1.006104,1.006757,1.004434,1.005018,1.004775,1.003906,1.002847,1.002704,1.002154,1.000752,0.999560,0.997648,0.995986,0.994275,0.990644,0.990913,0.988878,0.987200,0.985033,0.982392,0.979338,0.977701,0.975465,0.971619,0.969726,0.967033,0.964278,0.961868,0.959189,0.956203,0.953815,0.951255,0.947713,0.944877,0.943226,0.940391,0.937072,0.934383,0.941279
0.863442,0.863763,0.865275,0.866303,0.869558,0.872625,0.876531,0.880586,0.884927,0.888382,0.892422,0.896445,0.900180,0.904459,0.908883,0.912854,0.917033,0.921536,0.925521,0.929584,0.933669,0.937429,0.941410,0.945293,0.948805,0.952755,0.956327,0.959391,0.963142,0.966857,0.970410,0.973920,0.977313,0.979825,0.982055,0.984984,0.987188,0.990447,0.991114,0.994003,0.997011,0.999272,1.000997,1.002092,1.003902,1.005540,1.007014,1.007517,1.008843,1.009562,1.009153,1.010109,1.012795,1.011696,1.010981,1.012871,1.012548,1.012933,1.012873,1.012011,1.011164,1.010311,1.010049,1.009135,1.008168,1.007538,1.007091,1.005541,1.004076,1.002448,1.000928,0.999770,0.996583,0.996086,0.993465,0.991611,0.989591,0.987110,0.984288,0.981963,0.979342,0.976750,0.974523,0.971710,0.969336,0.966701,0.964062,0.960940,0.957975,0.954863,0.951813,0.947647,0.945398,0.943828,0.940929,0.940135,0.946361
0.867147,0.868110,0.869443,0.870852,0.873434,0.876522,0.880927,0.884313,0.888340,0.892648,0.896633,0.900388,0.904160,0.908260,0.912812,0.917327,0.921143,0.925579,0.930410,0.934235,0.938182,0.941782,0.946193,0.950182,0.954082,0.957487,0.960808,0.964819,0.968329,0.972100,0.975495,0.979159,0.982335,0.985124,0.987602,0.990218,0.992425,0.994897,0.997072,1.000028,1.002446,1.004811,1.006309,1.007203,1.008444,1.010131,1.012030,1.012950,1.013731,1.014861,1.013683,1.014815,1.017269,1.017768,1.017755,1.017996,1.018417,1.018519,1.016746,1.016945,1.016224,1.015505,1.014567,1.014177,1.013452,1.012995,1.012060,1.010560,1.008842,1.007469,1.006341,1.004136,1.001874,0.999880,0.999126,0.996350,0.993973,0.991795,0.989411,0.986389,0.983710,0.981372,0.979149,0.976089,0.973828,0.970487,0.967807,0.965699,0.962957,0.959426,0.956279,0.951961,0.948456,0.947997,0.946420,0.945805,0.951475
0.871418,0.872889,0.873435,0.874896,0.877487,0.880564,0.884602,0.888410,0.892836,0.896597,0.900585,0.904408,0.908476,0.912748,0.916889,0.921357,0.925750,0.929925,0.933869,0.938235,0.942415,0.946137,0.950618,0.954622,0.958173,0.962659,0.965340,0.969059,0.973344,0.977103,0.980189,0.983441,0.986817,0.990120,0.993018,0.995255,0.997572,1.000134,1.002365,1.004786,1.007156,1.009502,1.010870,1.012275,1.013770,1.015573,1.016345,1.018022,1.018624,1.019993,1.018486,1.019985,1.021769,1.022502,1.023354,1.022900,1.023568,1.023500,1.022628,1.021644,1.020563,1.019489,1.019275,1.018244,1.018186,1.017722,1.016676,1.014832,1.013718,1.012241,1.010828,1.009601,1.006899,1.004121,1.003548,1.001235,0.999013,0.995322,0.993229,0.991187,0.988500,0.985595,0.983355,0.980250,0.977997,0.974534,0.971441,0.969035,0.965957,0.963354,0.960381,0.957181,0.954437,0.952611,0.949858,0.949849,0.955581
0.875029,0.876235,0.876781,0.877898,0.881160,0.883956,0.887733,0.891921,0.896516,0.900393,0.904234,0.908341,0.912474,0.916839,0.921189,0.925384,0.929560,0.933570,0.937483,0.942095,0.946368,0.950260,0.954623,0.958897,0.963264,0.965502,0.969106,0.973730,0.978010,0.981939,0.984875,0.988098,0.991554,0.994725,0.997794,1.000655,1.002542,1.004679,1.007070,1.009362,1.011561,1.013746,1.015467,1.016821,1.018652,1.020287,1.021767,1.023126,1.023732,1.024676,1.025388,1.026216,1.026106,1.026680,1.027984,1.027598,1.027720,1.028145,1.027742,1.026556,1.024880,1.022690,1.023526,1.022733,1.021885,1.021565,1.021143,1.019523,1.017886,1.016605,1.015165,1.013991,1.011587,1.008168,1.007549,1.005150,1.002967,0.999695,0.997628,0.995223,0.992045,0.989512,0.987047,0.984021,0.982106,0.978839,0.974776,0.972570,0.969679,0.967862,0.964352,0.961058,0.958899,0.956628,0.954463,0.953408,0.959704
0.878454,0.879509,0.879530,0.881755,0.884500,0.887646,0.892299,0.895817,0.900053,0.904070,0.907776,0.912096,0.916026,0.920190,0.924919,0.929162,0.933180,0.937576,0.941664,0.946410,0.950586,0.954922,0.959120,0.962796,0.967933,0.967019,0.973247,0.978879,0.982660,0.986007,0.988473,0.992842,0.996317,0.999183,1.002306,1.005459,1.007665,1.009646,1.011995,1.014068,1.015045,1.018435,1.020271,1.021979,1.023715,1.024948,1.025628,1.026712,1.028531,1.029178,1.029895,1.030759,1.030991,1.032062,1.028904,1.028175,1.032757,1.032777,1.031754,1.031311,1.030843,1.028643,1.028273,1.027210,1.025412,1.025135,1.025282,1.023686,1.022239,1.020600,1.019263,1.017769,1.015844,1.012115,1.011570,1.009641,1.006999,1.005115,1.002370,0.999037,0.996670,0.994027,0.991580,0.988513,0.984940,0.982453,0.980181,0.976497,0.973856,0.971797,0.968156,0.964462,0.962160,0.959684,0.958126,0.957495,0.961530
0.881055,0.882199,0.883115,0.885058,0.888184,0.891348,0.895697,0.899564,0.904867,0.908999,0.911560,0.915942,0.919789,0.923952,0.928135,0.932440,0.937441,0.941304,0.945634,0.950504,0.954803,0.958948,0.963470,0.966522,0.971740,0.974798,0.979023,0.983033,0.987393,0.990276,0.992781,0.997600,1.000652,1.003826,1.006615,1.009817,1.011681,1.014015,1.016309,1.018448,1.020327,1.023261,1.024677,1.025960,1.027255,1.029662,1.029244,1.030325,1.033066,1.033584,1.034503,1.035178,1.035471,1.036559,1.036766,1.036025,1.037611,1.037231,1.036772,1.035995,1.034645,1.033262,1.032454,1.031267,1.029905,1.029231,1.028977,1.027699,1.026643,1.024579,1.023397,1.021714,1.019841,1.016639,1.014913,1.013498,1.011384,1.008614,1.006517,1.003650,1.000923,0.998296,0.995562,0.992883,0.989938,0.987534,0.985288,0.981258,0.978289,0.975863,0.971940,0.968180,0.965023,0.962792,0.960733,0.959375,0.964652
0.884275,0.885565,0.886990,0.887808,0.891284,0.894704,0.899060,0.903368,0.901195,0.903118,0.915076,0.919135,0.923234,0.927728,0.931987,0.936213,0.940890,0.945347,0.949477,0.954279,0.958888,0.963241,0.961510,0.965674,0.976499,0.978851,0.983705,0.987892,0.991324,0.993408,0.997491,1.001680,1.004244,1.007719,1.011272,1.012733,1.015717,1.018538,1.021097,1.023357,1.025198,1.027116,1.029311,1.030108,1.031766,1.034001,1.034843,1.036211,1.037357,1.038081,1.038627,1.039506,1.039967,1.040901,1.041928,1.041610,1.041884,1.041005,1.041059,1.041570,1.038782,1.037528,1.036249,1.035371,1.034007,1.033464,1.032600,1.031672,1.030281,1.028603,1.027487,1.025668,1.023728,1.021004,1.018338,1.016256,1.014972,1.013046,1.009891,1.007240,1.004754,1.002284,0.996371,0.994360,0.992449,0.990888,0.987776,0.985867,0.982414,0.979361,0.975859,0.971139,0.968293,0.966177,0.964150,0.963347,0.969351
0.888424,0.888840,0.890217,0.891753,0.894609,0.897815,0.902080,0.905653,0.907726,0.911172,0.918084,0.922338,0.926944,0.930868,0.935556,0.940076,0.944532,0.948652,0.953171,0.957773,0.962100,0.966599,0.966555,0.970803,0.979456,0.983991,0.987890,0.991431,0.995337,0.998433,1.001652,1.005442,1.008307,1.012011,1.014882,1.017015,1.020000,1.022630,1.025094,1.027693,1.029532,1.031441,1.033618,1.035029,1.036802,1.038458,1.039228,1.040891,1.042173,1.042718,1.043446,1.044356,1.045114,1.045770,1.046338,1.046445,1.046112,1.045819,1.046489,1.033382,1.035353,1.042410,1.041417,1.040367,1.039446,1.038129,1.036696,1.035932,1.034269,1.032449,1.031249,1.029070,1.027311,1.024956,1.021539,1.021607,1.019660,1.017981,1.014271,1.011004,1.008176,1.006759,0.998008,0.997229,0.997864,0.995074,0.992200,0.989528,0.986188,0.982819,0.979208,0.975303,0.972859,0.970816,0.969183,0.967941,0.973357
0.891762,0.892057,0.893115,0.894808,0.897783,0.900886,0.905067,0.908692,0.913200,0.917552,0.921016,0.925742,0.930412,0.935087,0.938542,0.943583,0.947422,0.951600,0.956830,0.961175,0.965729,0.970165,0.974598,0.977441,0.982835,0.987931,0.991387,0.995681,0.999228,1.003145,1.006097,1.008953,1.011980,1.015818,1.019016,1.021561,1.024162,1.026763,1.029276,1.031464,1.033676,1.035500,1.037591,1.039296,1.041274,1.042769,1.043845,1.044839,1.046268,1.047286,1.047845,1.048769,1.049233,1.049720,1.050404,1.044429,1.049824,1.050103,1.049258,1.043438,1.046552,1.047333,1.045223,1.043486,1.042916,1.042335,1.041050,1.038830,1.037639,1.036287,1.035151,1.032636,1.030791,1.028666,1.024412,1.024250,1.023821,1.021030,1.017264,1.014385,1.011717,1.009934,1.008157,1.005042,0.998874,0.997518,0.996308,0.992671,0.980804,0.984132,0.982847,0.979884,0.976739,0.973956,0.972950,0.971365,0.977341
0.894358,0.895271,0.895715,0.897753,0.900760,0.903587,0.907551,0.911920,0.915935,0.919869,0.923769,0.928720,0.933619,0.935696,0.939387,0.947106,0.951209,0.955970,0.960457,0.964321,0.969615,0.973599,0.977856,0.982277,0.987065,0.991193,0.995233,0.999357,1.002923,1.006369,1.009555,1.012976,1.016133,1.019432,1.022706,1.025737,1.028295,1.030843,1.033365,1.035384,1.037746,1.039504,1.041828,1.045088,1.039440,1.045257,1.048592,1.049695,1.050857,1.051288,1.052678,1.053345,1.053378,1.054389,1.054983,1.051393,1.054787,1.054364,1.052787,1.052481,1.051130,1.050428,1.049056,1.047537,1.046874,1.045923,1.044625,1.042780,1.042038,1.040442,1.038702,1.036490,1.034454,1.032971,1.029108,1.026873,1.026566,1.023700,1.020858,1.018394,1.015958,1.013106,1.010158,1.007913,1.005094,1.002172,0.998780,0.996526,0.992593,0.989519,0.985758,0.982613,0.980162,0.976899,0.975714,0.974665,0.980933
0.897098,0.898544,0.898800,0.899991,0.902800,0.906022,0.910418,0.914139,0.917774,0.922271,0.926854,0.931802,0.936229,0.939908,0.945049,0.949771,0.953622,0.958590,0.963102,0.967652,0.972504,0.976566,0.981048,0.986025,0.990293,0.994356,0.998574,1.002812,1.006114,1.010036,1.013121,1.016291,1.019257,1.022470,1.025934,1.028849,1.031939,1.034307,1.037102,1.039154,1.041775,1.043298,1.045385,1.047481,1.045336,1.049489,1.051701,1.053521,1.054202,1.055144,1.055652,1.057093,1.057803,1.058422,1.058993,1.058772,1.057688,1.057682,1.056686,1.055998,1.055107,1.053850,1.052484,1.051444,1.050434,1.049495,1.047938,1.046879,1.045657,1.043969,1.042271,1.040054,1.038284,1.035503,1.032372,1.031546,1.029803,1.027344,1.024539,1.022365,1.019911,1.017387,1.013702,1.011151,1.008924,1.005147,1.002311,0.999295,0.996228,0.993156,0.990267,0.985742,0.982673,0.980461,0.979094,0.978112,0.982711
0.899635,0.900686,0.901699,0.903147,0.905195,0.908929,0.913160,0.916714,0.921023,0.924863,0.929631,0.934777,0.939233,0.943275,0.948182,0.952692,0.956310,0.961600,0.966337,0.970837,0.975419,0.979591,0.984689,0.989060,0.993306,0.997454,1.001539,1.005703,1.009443,1.013080,1.016333,1.019130,1.022517,1.025746,1.029134,1.032212,1.034955,1.037766,1.040271,1.042503,1.044959,1.046825,1.048759,1.050009,1.051864,1.053286,1.054708,1.056530,1.057798,1.058759,1.059660,1.060250,1.061138,1.061943,1.061728,1.061642,1.061506,1.060541,1.059940,1.059193,1.057421,1.056851,1.055841,1.054647,1.054037,1.053075,1.051301,1.050492,1.048821,1.047184,1.045841,1.043415,1.041782,1.039794,1.036940,1.034261,1.032781,1.030377,1.028075,1.025489,1.023521,1.020528,1.017645,1.014708,1.011306,1.008893,1.005394,1.001463,0.998601,0.995553,0.993178,0.987352,0.985323,0.984169,0.982356,0.981382,0.986481
0.901906,0.903382,0.904036,0.905429,0.908300,0.911812,0.915781,0.919905,0.924109,0.927660,0.932361,0.937173,0.941970,0.946607,0.951588,0.955738,0.960340,0.964174,0.969397,0.974307,0.978698,0.982840,0.987909,0.992439,0.996445,1.000735,1.005135,1.008799,1.012806,1.016303,1.019689,1.022705,1.025990,1.029840,1.032765,1.035324,1.038213,1.041049,1.043553,1.046133,1.048380,1.050020,1.051936,1.053981,1.055424,1.057370,1.058610,1.059999,1.061562,1.062618,1.063331,1.064080,1.064677,1.065682,1.065836,1.065281,1.065352,1.064150,1.063542,1.062861,1.061104,1.060590,1.059384,1.058745,1.058422,1.057084,1.055658,1.053931,1.052138,1.050333,1.048803,1.047004,1.045355,1.043764,1.041309,1.037610,1.035863,1.033177,1.030545,1.028433,1.025642,1.022989,1.020272,1.017468,1.014203,1.011896,1.009122,1.005469,1.002121,0.998538,0.995021,0.992228,0.989608,0.984876,0.984405,0.984875,0.989565
0.904363,0.905957,0.906229,0.907604,0.910214,0.914246,0.918004,0.922580,0.926700,0.930716,0.935194,0.939507,0.944792,0.948916,0.953754,0.958461,0.963030,0.967579,0.972821,0.977422,0.981830,0.985687,0.990632,0.995021,0.999442,1.003059,1.007142,1.011982,1.015899,1.018745,1.022870,1.026423,1.029649,1.033365,1.035856,1.037970,1.041497,1.044157,1.046815,1.049217,1.051442,1.053522,1.055005,1.057498,1.059313,1.061179,1.062655,1.063543,1.064843,1.066106,1.066865,1.067652,1.068329,1.066788,1.067550,1.068928,1.068407,1.067732,1.066786,1.065961,1.065092,1.064066,1.063237,1.062078,1.061440,1.060054,1.058783,1.057042,1.054919,1.052483,1.051910,1.050120,1.048617,1.046846,1.044027,1.039743,1.038747,1.036663,1.033666,1.030881,1.028225,1.025673,1.022754,1.020369,1.017237,1.014297,1.011112,1.008177,1.004722,1.001735,0.998501,0.994909,0.992863,0.989156,0.987864,0.987876,0.992596
0.907765,0.908470,0.909210,0.910631,0.912885,0.916315,0.920764,0.925028,0.929577,0.933679,0.937919,0.942946,0.947377,0.951796,0.956488,0.960868,0.965455,0.970289,0.975253,0.979653,0.984452,0.988922,0.993735,0.998439,1.002471,1.006153,1.010266,1.015109,1.018491,1.022152,1.025690,1.029383,1.033081,1.036463,1.039507,1.042078,1.044789,1.047447,1.050108,1.052453,1.054420,1.056307,1.058408,1.060446,1.062465,1.064277,1.065581,1.066762,1.068442,1.068505,1.070178,1.070279,1.071645,1.070662,1.070306,1.072259,1.071984,1.070936,1.069292,1.069703,1.068554,1.067228,1.066295,1.065472,1.064557,1.062914,1.061443,1.060276,1.056690,1.054263,1.055120,1.053233,1.051683,1.049385,1.047194,1.043632,1.042152,1.039719,1.036493,1.034196,1.030959,1.028376,1.026025,1.022905,1.019815,1.017207,1.014007,1.010509,1.007682,1.003856,1.000988,0.997728,0.995012,0.992979,0.990367,0.989288,0.995878
0.909653,0.909830,0.910942,0.912965,0.915943,0.919032,0.923176,0.927232,0.931547,0.936366,0.940363,0.945429,0.949922,0.954755,0.959168,0.963626,0.968683,0.973440,0.978322,0.982305,0.987274,0.991943,0.996389,1.000374,1.004835,1.009155,1.012993,1.017110,1.021567,1.025023,1.028286,1.032014,1.035333,1.038927,1.042186,1.044727,1.047497,1.050708,1.053183,1.055136,1.057374,1.060224,1.061535,1.062237,1.065776,1.067077,1.068022,1.069779,1.070961,1.070781,1.073574,1.073584,1.074085,1.075501,1.075614,1.075148,1.075347,1.074009,1.073587,1.070749,1.071230,1.070867,1.069158,1.069051,1.068262,1.066154,1.064526,1.063149,1.061345,1.059741,1.057686,1.055901,1.053667,1.052372,1.049685,1.046652,1.044391,1.042489,1.039869,1.036602,1.033981,1.030658,1.028305,1.025361,1.021589,1.019275,1.016601,1.012654,1.010275,1.006397,1.003854,1.000476,0.997520,0.994975,0.992169,0.991455,0.996899
0.911019,0.911863,0.913015,0.914995,0.918069,0.921427,0.925186,0.929634,0.934464,0.939167,0.943525,0.948257,0.952339,0.957428,0.962005,0.966424,0.971685,0.976746,0.981073,0.985419,0.990487,0.995150,0.999613,1.003708,1.007765,1.012074,1.016470,1.020271,1.024015,1.027723,1.031016,1.035078,1.038353,1.041260,1.044621,1.047814,1.050199,1.053265,1.055708,1.058350,1.060646,1.062502,1.064728,1.066475,1.068931,1.070022,1.071294,1.072989,1.074155,1.074306,1.076371,1.077225,1.076557,1.077743,1.079099,1.078442,1.078195,1.077648,1.076613,1.074565,1.074338,1.073556,1.072237,1.071554,1.070718,1.069359,1.067626,1.066331,1.064602,1.062149,1.060377,1.058561,1.056729,1.054725,1.051624,1.042698,1.043205,1.043298,1.041504,1.039561,1.036198,1.032877,1.030379,1.027310,1.025035,1.022529,1.018381,1.015284,1.012011,1.009176,1.006759,1.001960,0.999247,0.996407,0.994675,0.994029,0.997784
0.913233,0.914568,0.915392,0.916800,0.920084,0.923664,0.927617,0.931986,0.936741,0.941105,0.945989,0.950523,0.955147,0.960408,0.965097,0.969752,0.973787,0.978327,0.983837,0.987767,0.992634,0.997802,1.002423,1.006481,1.010844,1.014685,1.018996,1.023234,1.026942,1.030034,1.033413,1.037540,1.041243,1.043628,1.047063,1.050296,1.052468,1.055583,1.058656,1.060889,1.062948,1.065597,1.068004,1.069697,1.071321,1.073145,1.074048,1.075431,1.077073,1.077890,1.079410,1.079918,1.080286,1.080622,1.080627,1.080797,1.080624,1.080271,1.078973,1.077689,1.077129,1.075904,1.075332,1.074737,1.072987,1.071156,1.069739,1.068209,1.066697,1.064170,1.062871,1.060904,1.058919,1.056770,1.053699,1.046407,1.047071,1.046572,1.044044,1.041417,1.037979,1.035524,1.033676,1.030451,1.027230,1.024725,1.021056,1.017679,1.015129,1.012425,1.009011,1.004189,1.001630,0.999392,0.995132,0.994282,0.999771
0.915395,0.916609,0.917835,0.919254,0.922043,0.925910,0.930234,0.934421,0.938804,0.943337,0.948158,0.953293,0.957923,0.962344,0.967493,0.972510,0.976706,0.981478,0.986770,0.989566,0.995344,1.000418,1.004787,1.006873,1.013319,1.018088,1.020854,1.025392,1.029456,1.032980,1.036149,1.040053,1.043297,1.046217,1.049383,1.052951,1.055124,1.057784,1.061221,1.063180,1.065744,1.068551,1.070420,1.072096,1.073508,1.075245,1.076704,1.077938,1.078245,1.080523,1.081485,1.082395,1.083143,1.083989,1.082629,1.083414,1.083200,1.082719,1.082000,1.081044,1.080048,1.079063,1.077833,1.077441,1.075876,1.074268,1.072524,1.071330,1.069432,1.067586,1.065739,1.063390,1.061396,1.059044,1.056757,1.052788,1.049899,1.049180,1.046784,1.044399,1.041250,1.038304,1.035607,1.032635,1.029316,1.026626,1.023584,1.020360,1.018174,1.014788,1.010129,1.006897,1.004047,1.001403,0.995928,0.994738,0.999680
0.917644,0.918706,0.919511,0.921263,0.924487,0.928328,0.932564,0.936471,0.941045,0.945933,0.950537,0.955729,0.959606,0.964761,0.970137,0.974917,0.979292,0.983962,0.988857,0.993403,0.998251,1.002883,1.007668,1.011046,1.015310,1.020914,1.023734,1.028110,1.032098,1.035892,1.039039,1.042396,1.045446,1.048881,1.051742,1.054923,1.057977,1.060204,1.063164,1.065481,1.068515,1.070497,1.072868,1.074671,1.075942,1.077821,1.079248,1.080776,1.081474,1.083704,1.084362,1.084827,1.085797,1.085858,1.086345,1.086596,1.085867,1.085382,1.084345,1.083077,1.081990,1.081344,1.080122,1.078882,1.077353,1.076569,1.074369,1.072717,1.071347,1.069415,1.067580,1.064694,1.063046,1.061098,1.058404,1.053576,1.050758,1.049831,1.048767,1.046212,1.043213,1.040280,1.037502,1.034364,1.031797,1.029239,1.025872,1.022739,1.019722,1.016330,1.013198,1.008985,1.005389,1.002418,0.997550,0.996374,0.999012
0.918968,0.920199,0.921074,0.922837,0.926501,0.930240,0.934419,0.938523,0.942586,0.947824,0.952708,0.957280,0.961239,0.967165,0.972000,0.976759,0.981710,0.986180,0.990562,0.995765,1.000375,1.004619,1.009165,1.013907,1.016323,1.021710,1.026772,1.030538,1.034455,1.037385,1.041386,1.044497,1.047951,1.051031,1.053697,1.056969,1.059249,1.062491,1.065299,1.067848,1.070460,1.072962,1.074745,1.076725,1.078327,1.080026,1.081631,1.082266,1.084261,1.085857,1.086573,1.087579,1.088099,1.086328,1.087756,1.088958,1.087226,1.087578,1.086363,1.085700,1.084504,1.083406,1.081466,1.080551,1.080131,1.078705,1.076199,1.074782,1.073756,1.071281,1.069418,1.066189,1.064299,1.062114,1.059803,1.055317,1.052327,1.051447,1.050299,1.046971,1.044775,1.042302,1.039880,1.036840,1.033618,1.031488,1.028099,1.025274,1.021732,1.017714,1.014725,1.010048,1.005255,1.001288,0.996490,0.997829,1.003589
0.920822,0.922375,0.922629,0.924505,0.928210,0.932177,0.936363,0.940253,0.943658,0.948579,0.954764,0.959056,0.963486,0.969281,0.973676,0.978388,0.983807,0.988245,0.993006,0.997267,1.002130,1.006852,1.010405,1.014984,1.019891,1.024364,1.028461,1.032271,1.036462,1.039354,1.042602,1.046825,1.049477,1.052878,1.056193,1.058769,1.060678,1.063879,1.067129,1.070267,1.071896,1.074517,1.076273,1.078494,1.080762,1.082657,1.083902,1.084960,1.086221,1.088207,1.089641,1.089792,1.090445,1.090098,1.091153,1.090016,1.088074,1.089285,1.088832,1.088003,1.087238,1.086281,1.084943,1.083879,1.082506,1.080858,1.078917,1.076969,1.075163,1.073311,1.071825,1.068815,1.066437,1.063916,1.060527,1.057061,1.054175,1.053378,1.051684,1.048583,1.046268,1.043645,1.041646,1.038718,1.035510,1.032236,1.029316,1.026003,1.023017,1.019305,1.015010,1.010401,1.006535,1.003071,0.997793,0.998780,1.006648
0.922221,0.923726,0.924757,0.925023,0.929468,0.933672,0.937554,0.941945,0.945400,0.949256,0.956380,0.961125,0.965808,0.970579,0.975419,0.980064,0.984843,0.989797,0.993549,0.998340,1.003646,1.008450,1.013063,1.017253,1.021869,1.026185,1.030290,1.034043,1.038319,1.040807,1.044766,1.048367,1.051154,1.054871,1.057728,1.060818,1.064034,1.066683,1.069556,1.071992,1.074794,1.076598,1.078578,1.080668,1.082466,1.084727,1.085627,1.086966,1.088651,1.089678,1.091130,1.091362,1.092291,1.092730,1.091640,1.093109,1.092911,1.091668,1.091033,1.090320,1.089702,1.088846,1.087969,1.086434,1.084911,1.083176,1.081531,1.079095,1.077748,1.075518,1.073781,1.070313,1.068149,1.067146,1.063394,1.057380,1.054648,1.053183,1.052600,1.050460,1.047225,1.045083,1.042298,1.038184,1.036806,1.032237,1.029445,1.027308,1.023559,1.018635,1.015457,1.011809,1.007557,1.006419,1.003593,1.002952,1.008021
0.923126,0.925163,0.926338,0.925683,0.930370,0.935272,0.939335,0.943767,0.948687,0.952474,0.956845,0.962545,0.967484,0.972806,0.977825,0.981654,0.986740,0.991604,0.995432,1.000650,1.005391,1.010146,1.014886,1.019821,1.023176,1.027381,1.032169,1.035975,1.039806,1.043472,1.046964,1.049709,1.053100,1.056294,1.059949,1.062827,1.065691,1.068364,1.071457,1.073652,1.076138,1.078759,1.080840,1.082966,1.084074,1.085737,1.087216,1.087851,1.089831,1.091434,1.092708,1.093594,1.094378,1.094237,1.092889,1.094046,1.094430,1.093464,1.092872,1.092355,1.091147,1.090225,1.089181,1.088309,1.086286,1.084847,1.082920,1.081231,1.079742,1.077148,1.075334,1.071792,1.069546,1.068160,1.065229,1.060318,1.057103,1.054474,1.053537,1.050866,1.047727,1.046211,1.042603,1.038543,1.036942,1.032492,1.030167,1.027964,1.024632,1.020582,1.017082,1.014113,1.008141,1.006808,1.005201,1.003932,1.009619
0.924591,0.926294,0.927466,0.927981,0.932058,0.936421,0.940629,0.944832,0.949497,0.953702,0.956858,0.964584,0.969394,0.974315,0.978900,0.984058,0.988628,0.993620,0.998758,1.003051,1.007474,1.012099,1.017121,1.021503,1.025361,1.028820,1.033469,1.037826,1.041390,1.045193,1.048337,1.052159,1.055140,1.058644,1.061432,1.064644,1.067625,1.070328,1.073322,1.075772,1.077920,1.081818,1.066539,1.082299,1.086412,1.087732,1.088931,1.090265,1.092012,1.093328,1.094249,1.096021,1.096188,1.096703,1.096446,1.095406,1.095075,1.094895,1.094144,1.094205,1.093066,1.092717,1.090826,1.090137,1.088157,1.086741,1.084557,1.083760,1.081612,1.078791,1.076106,1.073213,1.071768,1.069713,1.067449,1.062109,1.054924,1.056183,1.054806,1.051895,1.048487,1.045008,1.043687,1.041146,1.038333,1.035530,1.032569,1.029212,1.025691,1.022990,1.019561,1.015221,1.012279,1.005073,1.001063,1.004899,1.011282
0.926101,0.927550,0.929081,0.930881,0.934170,0.937929,0.942237,0.946725,0.950735,0.954722,0.960527,0.965997,0.970516,0.975506,0.980717,0.985079,0.989880,0.995302,1.000160,1.004562,1.009243,1.013458,1.018384,1.022772,1.026708,1.030643,1.035328,1.039240,1.042960,1.047050,1.050044,1.053608,1.056440,1.059668,1.063144,1.066551,1.068851,1.072166,1.074838,1.077543,1.079993,1.082904,1.081526,1.086205,1.087681,1.089785,1.090452,1.092262,1.094503,1.094424,1.095041,1.097320,1.097993,1.097898,1.097923,1.097730,1.096237,1.095690,1.095374,1.094870,1.094240,1.093130,1.091879,1.090780,1.089210,1.088128,1.085758,1.084926,1.082862,1.080336,1.078259,1.073614,1.071457,1.071068,1.069233,1.063182,1.057042,1.057744,1.054788,1.052824,1.050308,1.047180,1.045212,1.042087,1.039426,1.035283,1.033302,1.030791,1.027000,1.023284,1.021086,1.015937,1.011577,1.006025,1.005324,1.007113,1.012718
0.930360,0.932814,0.934038,0.935323,0.938925,0.942655,0.945430,0.951149,0.956639,0.960659,0.965646,0.970667,0.974593,0.979511,0.984086,0.987771,0.994987,0.999355,1.003181,1.007910,1.012929,1.016490,1.022484,1.025234,1.029958,1.033998,1.038587,1.042624,1.046248,1.049874,1.053155,1.056477,1.059484,1.062684,1.065877,1.068864,1.070412,1.074204,1.076862,1.079645,1.082692,1.085125,1.087778,1.088479,1.089721,1.091523,1.092352,1.093928,1.095708,1.096522,1.097474,1.098048,1.098006,1.098883,1.099200,1.099345,1.097733,1.097128,1.096462,1.094842,1.094945,1.094203,1.093037,1.092311,1.090531,1.089055,1.087477,1.086256,1.084249,1.082010,1.080469,1.077328,1.073788,1.072843,1.070456,1.065174,1.061220,1.059353,1.056917,1.053244,1.051477,1.048895,1.046519,1.043724,1.040510,1.037879,1.034501,1.031716,1.029261,1.025513,1.021908,1.017307,1.014170,1.010893,1.007899,1.008279,1.013317
0.930684,0.932956,0.934592,0.936304,0.939956,0.944290,0.947232,0.951647,0.957404,0.962396,0.967344,0.972314,0.976832,0.981950,0.986074,0.990766,0.996474,1.001242,1.005183,1.009801,1.014764,1.019219,1.023946,1.026474,1.031171,1.035368,1.039414,1.043685,1.046997,1.050380,1.053550,1.056751,1.059847,1.062972,1.066822,1.069384,1.072253,1.075205,1.077646,1.080454,1.083416,1.085844,1.087575,1.089125,1.091056,1.092353,1.093792,1.095103,1.096416,1.097574,1.098359,1.099428,1.100311,1.099878,1.100842,1.100080,1.098816,1.097842,1.097272,1.096379,1.095751,1.093876,1.092943,1.093109,1.091402,1.090009,1.089382,1.087821,1.085283,1.083266,1.081589,1.078988,1.075115,1.073958,1.071629,1.065859,1.061484,1.060379,1.058935,1.055543,1.052682,1.049384,1.047164,1.045091,1.042285,1.039830,1.036251,1.033296,1.029960,1.026649,1.023355,1.018896,1.015446,1.013203,1.010079,1.009496,1.014205
0.928208,0.930869,0.932104,0.934145,0.937333,0.941244,0.945525,0.950226,0.955208,0.955259,0.963893,0.969590,0.974214,0.978720,0.983805,0.988868,0.993698,0.998775,1.003450,1.007863,1.012311,1.017226,1.021623,1.025824,1.029958,1.034076,1.038532,1.041812,1.046028,1.049076,1.052511,1.055758,1.059388,1.062518,1.065869,1.068973,1.071826,1.075128,1.077982,1.080967,1.083214,1.085799,1.087602,1.089562,1.091587,1.093260,1.094074,1.095717,1.096866,1.098086,1.098821,1.100064,1.100825,1.101224,1.102048,1.101735,1.100320,1.099803,1.098265,1.097197,1.096922,1.095535,1.094601,1.093607,1.092080,1.090810,1.089772,1.087871,1.085981,1.084124,1.082125,1.079698,1.076492,1.074554,1.071889,1.067025,1.062505,1.060422,1.060141,1.057765,1.054584,1.050764,1.047818,1.042463,1.041955,1.038348,1.033862,1.030408,1.029414,1.028148,1.024740,1.020171,1.015497,1.013445,1.011148,1.010396,1.015614
0.929874,0.931653,0.933180,0.935220,0.938061,0.942193,0.946223,0.951436,0.956916,0.957272,0.964643,0.970541,0.974866,0.980033,0.984839,0.989613,0.994858,1.000057,1.004393,1.009253,1.013665,1.018143,1.022461,1.026313,1.030569,1.035370,1.039208,1.042824,1.046757,1.049946,1.053661,1.057455,1.061164,1.064114,1.066984,1.070446,1.072885,1.076434,1.078795,1.081515,1.084220,1.086326,1.088413,1.090372,1.092298,1.093902,1.095258,1.096618,1.098068,1.098846,1.099747,1.100987,1.101635,1.101601,1.102907,1.102538,1.101718,1.100178,1.098711,1.098571,1.097477,1.096446,1.095313,1.093470,1.092590,1.091621,1.090535,1.088051,1.086178,1.084270,1.082674,1.080830,1.077914,1.075777,1.073579,1.068940,1.063871,1.061357,1.059883,1.058349,1.053516,1.051870,1.049105,1.043397,1.043083,1.040012,1.039007,1.035012,1.031566,1.028818,1.025719,1.021788,1.016983,1.013341,1.011725,1.010960,1.015701
0.930948,0.933033,0.934734,0.936424,0.939184,0.942645,0.947218,0.952205,0.958500,0.956485,0.964418,0.972674,0.975910,0.981260,0.985889,0.990225,0.995722,1.000564,1.005324,1.009900,1.014770,1.018880,1.022457,1.027342,1.030729,1.035130,1.039357,1.043868,1.047443,1.051162,1.054921,1.058514,1.061557,1.064765,1.067830,1.071052,1.073584,1.076193,1.079259,1.082131,1.084533,1.087174,1.088960,1.091070,1.093367,1.094325,1.095729,1.097352,1.098575,1.099221,1.099651,1.101101,1.101937,1.102273,1.103511,1.103208,1.102214,1.100580,1.099419,1.098885,1.098440,1.097363,1.095875,1.093836,1.092433,1.091838,1.089976,1.087313,1.085197,1.084848,1.083345,1.081113,1.078818,1.076214,1.074090,1.067915,1.065856,1.065130,1.061511,1.058340,1.055464,1.053613,1.051658,1.047823,1.045008,1.042351,1.037482,1.036452,1.033682,1.030042,1.026032,1.022356,1.018494,1.014533,1.012483,1.011999,1.017821
0.932447,0.934142,0.935218,0.937205,0.940358,0.943588,0.948266,0.952767,0.957624,0.962321,0.967519,0.973206,0.977527,0.982300,0.987172,0.991555,0.996483,1.001014,1.005162,1.010530,1.015320,1.018691,1.022526,1.027319,1.031525,1.035624,1.040162,1.044523,1.048471,1.051952,1.055723,1.059249,1.062044,1.065307,1.068744,1.071728,1.073849,1.076707,1.079847,1.082323,1.084810,1.087665,1.089420,1.091558,1.093234,1.094557,1.096689,1.097779,1.098711,1.099895,1.101143,1.101362,1.101924,1.101571,1.103148,1.103459,1.101717,1.099861,1.099502,1.099242,1.098542,1.097161,1.096126,1.094403,1.092859,1.091945,1.089612,1.088378,1.087127,1.084962,1.083487,1.080617,1.078906,1.077028,1.074983,1.068289,1.066801,1.065909,1.063521,1.059717,1.057686,1.052290,1.050943,1.048683,1.045381,1.042360,1.038620,1.037161,1.033928,1.029930,1.027110,1.022578,1.019325,1.015752,1.014278,1.012564,1.018358
0.932929,0.934622,0.935620,0.937392,0.940483,0.943881,0.948210,0.953441,0.958150,0.962759,0.968079,0.973093,0.978013,0.982421,0.987317,0.991609,0.997087,1.001217,1.005586,1.010567,1.014934,1.019319,1.023334,1.027405,1.032160,1.036769,1.040653,1.044835,1.048388,1.051888,1.055639,1.057463,1.062234,1.065523,1.069209,1.072369,1.074910,1.078021,1.080159,1.082412,1.085273,1.087334,1.089617,1.091628,1.092825,1.094212,1.096201,1.098183,1.099062,1.099966,1.101276,1.101052,1.101512,1.101549,1.103367,1.103695,1.101959,1.099815,1.099735,1.098725,1.097871,1.096920,1.095896,1.094274,1.093205,1.091766,1.089123,1.088204,1.085702,1.083381,1.083363,1.080976,1.078422,1.076644,1.074902,1.070577,1.066987,1.066585,1.063489,1.060514,1.058472,1.039003,1.045396,1.049467,1.045008,1.042669,1.039871,1.037590,1.033788,1.029662,1.027068,1.022121,1.018818,1.015252,1.013551,1.013848,1.018874
0.933328,0.934813,0.935938,0.937597,0.940385,0.943684,0.948937,0.954032,0.959149,0.963102,0.967530,0.973197,0.978592,0.982165,0.987422,0.992064,0.997443,1.001786,1.006199,1.010797,1.015274,1.020294,1.024653,1.028022,1.032598,1.036810,1.040754,1.044955,1.048630,1.052046,1.055883,1.058954,1.062703,1.066278,1.069723,1.071162,1.074949,1.078201,1.080545,1.082848,1.085050,1.087860,1.090055,1.091734,1.093400,1.093523,1.095030,1.097888,1.098741,1.099801,1.100865,1.100883,1.101528,1.102369,1.103926,1.103609,1.102008,1.100985,1.100098,1.099155,1.097383,1.095993,1.095012,1.094329,1.092807,1.091552,1.089431,1.088142,1.083124,1.079800,1.083902,1.081163,1.079279,1.077162,1.074688,1.070445,1.068249,1.066746,1.063507,1.060337,1.056722,1.054270,1.051767,1.048806,1.045735,1.043456,1.039927,1.037251,1.034343,1.030663,1.027710,1.022242,1.018760,1.015345,1.012562,1.013370,1.018563
0.933332,0.934829,0.935705,0.938111,0.940869,0.944207,0.949357,0.954278,0.959435,0.963432,0.967964,0.973375,0.977796,0.982836,0.988056,0.992030,0.997137,1.001828,1.006059,1.011117,1.015523,1.019260,1.023940,1.029056,1.031993,1.035050,1.040654,1.044323,1.048341,1.051911,1.055370,1.058671,1.062528,1.065453,1.068938,1.071170,1.074592,1.077962,1.080416,1.082402,1.084854,1.087193,1.089198,1.091052,1.093008,1.094715,1.095923,1.097315,1.097855,1.098550,1.099745,1.099831,1.101174,1.102343,1.103245,1.102478,1.101594,1.100302,1.099410,1.098391,1.096603,1.095816,1.095045,1.093853,1.092740,1.091248,1.089770,1.087297,1.085682,1.083881,1.082381,1.080823,1.079020,1.076769,1.074505,1.068479,1.067240,1.067299,1.064293,1.061281,1.058241,1.055023,1.049650,1.047092,1.046029,1.042575,1.038742,1.036550,1.030354,1.029870,1.026662,1.022388,1.018512,1.014838,1.015021,1.012117,1.018446
0.933307,0.934844,0.935065,0.938113,0.941371,0.944748,0.950293,0.954409,0.959741,0.964937,0.968708,0.974079,0.978811,0.983235,0.987961,0.993199,0.997728,1.001832,1.006956,1.011310,1.015672,1.019620,1.024509,1.028714,1.033140,1.036891,1.041098,1.044753,1.047955,1.051714,1.055070,1.058534,1.062186,1.064856,1.068359,1.071911,1.074825,1.078008,1.080433,1.082494,1.085049,1.087145,1.089220,1.090936,1.092370,1.093695,1.095208,1.096110,1.097763,1.098325,1.098843,1.099577,1.100805,1.101393,1.102450,1.101644,1.100334,1.098783,1.098147,1.096922,1.096573,1.095885,1.094657,1.093372,1.092193,1.090973,1.088986,1.086730,1.085519,1.084172,1.082464,1.080713,1.078034,1.076184,1.073951,1.067915,1.066551,1.066962,1.064278,1.061654,1.058059,1.055137,1.052253,1.046441,1.043413,1.042025,1.038585,1.036454,1.030870,1.029359,1.026522,1.022489,1.018711,1.015856,1.015051,1.011664,1.018949
0.932860,0.934351,0.935250,0.938706,0.942373,0.944791,0.950047,0.954455,0.959460,0.964893,0.968662,0.974472,0.979344,0.983830,0.988446,0.993124,0.997643,1.001720,1.006690,1.010510,1.015663,1.020066,1.024331,1.028370,1.032826,1.036788,1.040487,1.044438,1.047573,1.051271,1.054419,1.058174,1.061230,1.064819,1.067602,1.071074,1.073730,1.076982,1.079394,1.081899,1.084003,1.086246,1.088539,1.090235,1.091750,1.092855,1.093763,1.095453,1.096745,1.097687,1.097566,1.098511,1.099190,1.100246,1.101518,1.100570,1.099061,1.098194,1.097520,1.095882,1.095623,1.094679,1.093219,1.092814,1.091198,1.090231,1.088595,1.086787,1.086261,1.084266,1.082046,1.079724,1.078126,1.075672,1.072882,1.068870,1.067816,1.064842,1.063671,1.060837,1.058058,1.054153,1.051439,1.048096,1.044126,1.041427,1.038898,1.036013,1.031670,1.028977,1.025832,1.022234,1.018729,1.016433,1.013574,1.011189,1.017941
0.933792,0.935132,0.936734,0.939067,0.942219,0.939850,0.949437,0.955324,0.960150,0.965180,0.969420,0.974764,0.977586,0.983329,0.988063,0.992971,0.997975,1.001935,1.006458,1.011427,1.015736,1.019851,1.022910,1.027710,1.032836,1.036539,1.040439,1.044047,1.047556,1.050330,1.053788,1.058003,1.060448,1.064544,1.067332,1.070594,1.073725,1.076161,1.079008,1.080920,1.082902,1.085583,1.087468,1.089393,1.090700,1.092129,1.093766,1.095034,1.095825,1.095163,1.096916,1.097736,1.098379,1.099033,1.100760,1.099563,1.097499,1.097013,1.096464,1.095866,1.095272,1.094259,1.093308,1.092148,1.090420,1.089685,1.088152,1.086484,1.085076,1.082961,1.081055,1.078326,1.077454,1.074914,1.072495,1.068868,1.067467,1.065989,1.063606,1.060335,1.058178,1.053673,1.050682,1.047045,1.044305,1.041869,1.039358,1.035772,1.031604,1.028448,1.025098,1.021389,1.018355,1.015286,1.013266,1.012560,1.017983
0.933524,0.935252,0.936222,0.938386,0.941401,0.943275,0.949746,0.954521,0.960042,0.963745,0.968378,0.974070,0.977992,0.982638,0.987919,0.992541,0.997559,1.002109,1.006271,1.010816,1.015611,1.019969,1.023558,1.025128,1.032372,1.035771,1.039246,1.043570,1.046601,1.049723,1.053465,1.056455,1.059072,1.063440,1.067168,1.069599,1.072428,1.075809,1.078084,1.080213,1.082529,1.085444,1.087550,1.088800,1.089965,1.090173,1.092260,1.094266,1.095011,1.095603,1.096585,1.096497,1.098221,1.095908,1.098114,1.099097,1.097372,1.096113,1.095865,1.094221,1.094225,1.093681,1.091297,1.090852,1.089760,1.088865,1.087591,1.085384,1.084214,1.082077,1.080577,1.078215,1.076132,1.074453,1.071487,1.068511,1.067379,1.063897,1.062032,1.060374,1.056957,1.053694,1.049487,1.046934,1.044296,1.040982,1.038071,1.034787,1.031339,1.028109,1.025150,1.020460,1.016852,1.014971,1.013477,1.012618,1.018323
0.932465,0.934200,0.935416,0.937021,0.940510,0.943408,0.948542,0.954379,0.959495,0.962656,0.968009,0.972895,0.977928,0.982753,0.987855,0.993412,0.997560,1.002001,1.006049,1.010272,1.015056,1.019676,1.023533,1.025903,1.031443,1.035394,1.038590,1.042612,1.045951,1.049395,1.052724,1.055869,1.059664,1.063048,1.066227,1.068912,1.071608,1.074895,1.077211,1.078842,1.081591,1.084413,1.086625,1.087625,1.089333,1.090504,1.091735,1.092509,1.093292,1.093596,1.095026,1.095432,1.095926,1.096444,1.098677,1.098299,1.095640,1.094277,1.094647,1.093311,1.092965,1.092532,1.090417,1.089976,1.088231,1.087087,1.085974,1.085000,1.083341,1.080748,1.079484,1.077592,1.074992,1.073441,1.070303,1.067657,1.066322,1.063594,1.060817,1.059014,1.056098,1.051779,1.050183,1.045946,1.043322,1.041075,1.037065,1.033382,1.029374,1.027031,1.024167,1.020168,1.016501,1.014474,1.012316,1.011136,1.016897
0.932193,0.933138,0.934227,0.936199,0.940010,0.943436,0.949125,0.954149,0.958317,0.961693,0.967526,0.972957,0.977936,0.982267,0.987611,0.992743,0.997309,1.001301,1.004939,1.010018,1.014319,1.018720,1.022764,1.026735,1.030687,1.034312,1.038113,1.042187,1.045247,1.047783,1.051756,1.055675,1.059086,1.062260,1.065772,1.069889,1.070602,1.073605,1.075616,1.077746,1.080332,1.082988,1.084964,1.085952,1.088353,1.089883,1.090593,1.091516,1.092131,1.092324,1.093014,1.093622,1.094040,1.095494,1.097166,1.096264,1.093693,1.092701,1.092480,1.091534,1.091216,1.090591,1.089342,1.088464,1.087396,1.085909,1.084649,1.084003,1.081734,1.079539,1.078700,1.076533,1.073494,1.072159,1.068859,1.066882,1.065020,1.062940,1.060160,1.057240,1.054559,1.051149,1.049379,1.044868,1.042324,1.038717,1.035188,1.032597,1.029451,1.026415,1.021970,1.018779,1.015297,1.013142,1.010907,1.009771,1.016035
0.931645,0.932873,0.933222,0.935675,0.938896,0.943670,0.949012,0.953489,0.957554,0.961690,0.967439,0.972436,0.974771,0.980937,0.986983,0.991763,0.996130,1.000583,1.004623,1.009403,1.013813,1.017624,1.021611,1.025305,1.029716,1.033122,1.037427,1.041098,1.044325,1.047267,1.051086,1.054423,1.058076,1.061327,1.064475,1.068064,1.070016,1.072281,1.074860,1.077001,1.079051,1.080858,1.082781,1.084183,1.086158,1.087919,1.088527,1.089789,1.090668,1.091271,1.091512,1.091919,1.092882,1.093673,1.095131,1.094687,1.092452,1.091603,1.091065,1.090057,1.089649,1.089231,1.088064,1.087276,1.086140,1.084271,1.082788,1.081378,1.080465,1.078985,1.077498,1.075472,1.072872,1.070927,1.067702,1.065358,1.063957,1.061472,1.058871,1.056116,1.053496,1.051479,1.048201,1.044201,1.041483,1.036962,1.033343,1.031984,1.028419,1.025029,1.023192,1.018642,1.015160,1.012293,1.010509,1.007973,1.015567
0.931207,0.932755,0.934237,0.936361,0.938700,0.942762,0.948331,0.952392,0.957553,0.961498,0.966728,0.972083,0.973978,0.980594,0.985714,0.990910,0.994778,0.999804,1.003876,1.008683,1.013101,1.016828,1.020248,1.023462,1.028370,1.032458,1.036303,1.040266,1.043681,1.047014,1.050097,1.053205,1.056450,1.059922,1.063160,1.065989,1.068184,1.070762,1.073309,1.075372,1.077855,1.080096,1.081288,1.082948,1.085234,1.086067,1.086693,1.087982,1.089266,1.090018,1.090065,1.090168,1.091460,1.092277,1.093197,1.092201,1.090358,1.089802,1.089603,1.088736,1.088098,1.087346,1.086474,1.085705,1.081206,1.082386,1.081454,1.079947,1.079215,1.077740,1.073736,1.072704,1.072217,1.069865,1.066510,1.064011,1.063260,1.060521,1.057631,1.055635,1.050296,1.044679,1.047968,1.043406,1.039455,1.036638,1.033260,1.030858,1.027007,1.023410,1.021355,1.017322,1.013678,1.010918,1.011101,1.008958,1.015133
0.931043,0.933124,0.934286,0.935932,0.938547,0.942127,0.947972,0.949107,0.954767,0.960537,0.966435,0.971449,0.976109,0.980192,0.985304,0.989312,0.994210,0.998782,1.003110,1.007564,1.011895,1.015690,1.018992,1.023311,1.026947,1.030430,1.034307,1.038664,1.041586,1.045340,1.049047,1.052226,1.054701,1.057869,1.061465,1.064109,1.066327,1.069071,1.071321,1.073935,1.075835,1.077902,1.079811,1.081421,1.083154,1.084623,1.085350,1.086294,1.085958,1.079803,1.087787,1.088956,1.089434,1.090573,1.092381,1.091087,1.088892,1.088285,1.087835,1.087119,1.086443,1.085538,1.084982,1.084148,1.081661,1.081152,1.080682,1.078265,1.077357,1.076021,1.074124,1.071833,1.070538,1.068142,1.064488,1.063466,1.061958,1.059061,1.056223,1.053860,1.050143,1.045360,1.045803,1.040047,1.039590,1.036000,1.032829,1.029285,1.025188,1.022873,1.020844,1.013961,1.009669,1.011174,1.009589,1.008565,1.014745
0.930434,0.932497,0.933907,0.935535,0.938101,0.941400,0.946462,0.948833,0.953863,0.960442,0.964778,0.969257,0.974752,0.979328,0.983829,0.988436,0.992965,0.997065,1.001742,1.005987,1.010710,1.014487,1.017741,1.022348,1.025710,1.029789,1.033809,1.037172,1.040650,1.043982,1.047574,1.050625,1.053486,1.056294,1.059404,1.062409,1.064540,1.066788,1.069690,1.072248,1.073855,1.075268,1.077841,1.079218,1.081160,1.082336,1.082405,1.084472,1.082894,1.075030,1.086692,1.087404,1.087054,1.088037,1.091026,1.089532,1.087494,1.085689,1.085471,1.085028,1.084078,1.083983,1.083476,1.082569,1.081927,1.079938,1.078775,1.076445,1.075180,1.074267,1.072737,1.070712,1.068504,1.066022,1.063486,1.061520,1.059788,1.057478,1.054965,1.052052,1.049621,1.047850,1.044318,1.041812,1.039248,1.035518,1.032281,1.028047,1.024994,1.024047,1.020534,1.004005,1.001106,1.011698,1.007789,1.007368,1.012020
0.929350,0.932074,0.933012,0.934056,0.936909,0.940649,0.945416,0.950113,0.954348,0.958986,0.963123,0.967989,0.973515,0.978091,0.982434,0.986621,0.991212,0.995385,1.000435,1.005333,1.009576,1.011532,1.015845,1.020888,1.024407,1.028275,1.032089,1.035849,1.039757,1.042206,1.045692,1.049354,1.052037,1.054770,1.057882,1.060591,1.063053,1.065339,1.067732,1.070706,1.072171,1.073389,1.075266,1.076651,1.078474,1.080331,1.080839,1.082056,1.083424,1.083353,1.084000,1.084563,1.084998,1.086247,1.088810,1.087545,1.084924,1.084287,1.083433,1.082697,1.082346,1.082471,1.082126,1.080526,1.079334,1.078591,1.076398,1.073551,1.074302,1.072495,1.070968,1.068875,1.066843,1.064682,1.061856,1.059595,1.058025,1.056097,1.053137,1.049846,1.047342,1.044884,1.042474,1.040580,1.037590,1.033869,1.030866,1.027972,1.025207,1.020442,1.017416,1.008991,1.009682,1.008556,1.005616,1.005489,1.009828
0.928431,0.931086,0.931916,0.933474,0.936232,0.939353,0.944504,0.948420,0.952287,0.957521,0.961879,0.966658,0.970231,0.975434,0.981254,0.985657,0.989855,0.994599,0.999357,1.004007,1.008067,1.010953,1.014961,1.019252,1.023190,1.027597,1.031366,1.034742,1.038110,1.041140,1.044416,1.047247,1.050408,1.053503,1.056676,1.059329,1.061022,1.063999,1.065876,1.068288,1.070544,1.072252,1.073250,1.074460,1.076314,1.078137,1.079017,1.079742,1.079975,1.080429,1.081594,1.082325,1.083203,1.084405,1.086730,1.085246,1.082879,1.081223,1.080746,1.080568,1.080096,1.080192,1.079652,1.078856,1.077573,1.076926,1.076093,1.074441,1.072633,1.070570,1.069454,1.066899,1.065106,1.062590,1.059369,1.058923,1.054907,1.052446,1.051471,1.048513,1.046439,1.044029,1.041248,1.038495,1.035877,1.032738,1.029086,1.026930,1.022801,1.019109,1.016616,1.010431,1.007013,1.005710,1.004270,1.001860,1.006207
0.927268,0.929549,0.930252,0.931647,0.933602,0.937738,0.942024,0.945338,0.950397,0.956338,0.960956,0.965729,0.967485,0.973278,0.979402,0.984481,0.986985,0.992348,0.995782,1.001005,1.006253,1.010025,1.014075,1.017700,1.021948,1.025724,1.029415,1.032902,1.036884,1.039155,1.042418,1.045464,1.048441,1.051271,1.054582,1.057386,1.059199,1.061722,1.063698,1.065976,1.067991,1.069745,1.070899,1.072251,1.074135,1.075451,1.077094,1.073739,1.072101,1.079131,1.079250,1.079588,1.080138,1.081037,1.084412,1.083239,1.080520,1.078769,1.078597,1.078617,1.078138,1.077806,1.076730,1.076071,1.075497,1.074337,1.073229,1.072499,1.070091,1.067113,1.066994,1.065139,1.062763,1.060749,1.057266,1.056836,1.054628,1.051633,1.048710,1.046326,1.044646,1.042152,1.039569,1.037277,1.034003,1.031545,1.027658,1.024599,1.020921,1.017629,1.014624,1.009465,1.006091,1.002081,1.000630,0.999454,1.008389
0.925698,0.927505,0.928276,0.929444,0.932316,0.936994,0.941283,0.945142,0.949437,0.953858,0.959205,0.964729,0.965431,0.971553,0.977926,0.982390,0.986442,0.991416,0.991525,0.998532,1.005321,1.008814,1.012618,1.016176,1.020769,1.024038,1.027542,1.031441,1.034898,1.037668,1.040984,1.044207,1.046642,1.049479,1.052216,1.054974,1.057404,1.059741,1.062304,1.063973,1.065662,1.066971,1.068315,1.069951,1.071556,1.073243,1.074506,1.074419,1.075199,1.076418,1.076638,1.077310,1.077954,1.079073,1.081076,1.081385,1.078682,1.076707,1.076353,1.075850,1.075785,1.075604,1.074814,1.073962,1.073017,1.072050,1.070680,1.070035,1.069406,1.067181,1.065780,1.062920,1.060942,1.058887,1.056149,1.054846,1.052733,1.050465,1.046701,1.044612,1.042733,1.040115,1.037942,1.035004,1.031807,1.029590,1.026694,1.022864,1.019264,1.015620,1.011858,1.008303,1.003759,1.000368,0.999918,0.999427,1.005644
0.924082,0.925508,0.926419,0.928106,0.931405,0.935463,0.939748,0.943828,0.947827,0.952100,0.957632,0.962301,0.965903,0.971108,0.976439,0.980768,0.985295,0.989658,0.992342,0.998714,1.003289,1.006392,1.011078,1.014569,1.018347,1.021968,1.025797,1.029951,1.033311,1.036151,1.039065,1.041815,1.044826,1.047272,1.050770,1.052861,1.054992,1.057711,1.059841,1.061495,1.063139,1.064952,1.065885,1.067624,1.069082,1.070372,1.070549,1.071765,1.073419,1.073764,1.074264,1.074822,1.075133,1.076933,1.078996,1.077592,1.074487,1.074156,1.074199,1.073339,1.073111,1.072742,1.071984,1.071317,1.070533,1.069679,1.068626,1.067506,1.067817,1.065113,1.062418,1.060000,1.058963,1.055630,1.053554,1.052328,1.049371,1.047079,1.043144,1.042041,1.039806,1.037407,1.035316,1.032232,1.029570,1.026571,1.024439,1.020184,1.016776,1.013728,1.010151,1.005393,1.002417,0.999896,0.997833,0.997721,1.004105
0.922666,0.923983,0.925043,0.927419,0.930385,0.934057,0.938366,0.941982,0.946236,0.950629,0.956075,0.960523,0.965031,0.969156,0.973878,0.979347,0.983448,0.987838,0.990911,0.996287,1.001232,1.004682,1.008630,1.012614,1.016558,1.020428,1.024067,1.028143,1.030910,1.034114,1.037616,1.040025,1.042929,1.045830,1.048639,1.050987,1.053603,1.056171,1.057608,1.059778,1.061282,1.062954,1.064029,1.065510,1.066848,1.068538,1.068255,1.069362,1.070203,1.071395,1.072012,1.072549,1.073016,1.073405,1.077414,1.075407,1.072983,1.072412,1.071881,1.071114,1.071423,1.070722,1.068346,1.068547,1.068581,1.067167,1.066208,1.065912,1.055641,1.055349,1.060863,1.058332,1.056424,1.053247,1.049619,1.048346,1.044134,1.045534,1.042347,1.039836,1.037885,1.035698,1.033488,1.030415,1.026910,1.024580,1.022296,1.017858,1.014728,1.011458,1.006965,1.002537,1.000389,0.997463,0.995867,0.995596,1.001437
0.920903,0.922054,0.923109,0.924658,0.928104,0.932157,0.936182,0.939835,0.944083,0.948395,0.953792,0.958804,0.963119,0.967683,0.971976,0.977149,0.981232,0.985911,0.989024,0.994081,0.998585,1.002546,1.007034,1.010382,1.014622,1.018245,1.022102,1.026056,1.028878,1.032458,1.035829,1.038636,1.040902,1.043913,1.046602,1.049539,1.051754,1.053574,1.055286,1.057901,1.058671,1.059934,1.061583,1.062963,1.063868,1.065515,1.066460,1.066497,1.067569,1.068706,1.068769,1.070091,1.071015,1.072656,1.075183,1.074063,1.071190,1.069398,1.069388,1.068951,1.068739,1.068199,1.063324,1.064245,1.065848,1.064141,1.063715,1.062884,1.057027,1.057299,1.058642,1.056018,1.053244,1.050335,1.049022,1.047155,1.044730,1.042377,1.039861,1.037715,1.035819,1.033101,1.031569,1.028324,1.025654,1.023209,1.020188,1.015677,1.012501,1.009209,1.004435,0.998125,0.992369,0.993874,0.990212,0.992686,0.999687
0.918859,0.920149,0.921488,0.923491,0.926825,0.930328,0.934588,0.937300,0.942452,0.947382,0.951972,0.956399,0.961288,0.965962,0.970099,0.975079,0.980139,0.983746,0.988142,0.992436,0.996383,1.000713,1.004892,1.008383,1.012687,1.016163,1.020132,1.023470,1.026626,1.030650,1.034036,1.036813,1.039124,1.041761,1.044333,1.047014,1.048760,1.051100,1.053457,1.055110,1.056663,1.057527,1.059247,1.060490,1.061821,1.063138,1.063813,1.063807,1.065018,1.065713,1.066183,1.067380,1.067676,1.070181,1.072605,1.071204,1.068346,1.066849,1.066050,1.065504,1.064748,1.065185,1.064736,1.063546,1.061384,1.061422,1.060919,1.059294,1.059226,1.057685,1.055412,1.053320,1.050176,1.047663,1.046297,1.043751,1.042317,1.039593,1.037142,1.034725,1.032872,1.030950,1.028469,1.025464,1.022770,1.019793,1.016138,1.013362,1.010703,1.007276,1.002197,0.994481,0.989749,0.992756,0.990028,0.990036,0.997086
0.916994,0.918246,0.919703,0.921755,0.924759,0.928116,0.932346,0.935688,0.940597,0.945944,0.950420,0.954346,0.959526,0.964302,0.968217,0.972174,0.977608,0.982164,0.986983,0.990930,0.994513,0.998526,1.003285,1.006780,1.010969,1.014133,1.017708,1.021742,1.024890,1.028152,1.031404,1.034147,1.036990,1.039136,1.041600,1.044741,1.046467,1.049153,1.050954,1.052167,1.054357,1.055412,1.057145,1.058484,1.059843,1.060746,1.060945,1.061765,1.062011,1.062739,1.063350,1.064674,1.065483,1.067275,1.070029,1.068566,1.065085,1.063545,1.062798,1.061642,1.061722,1.062500,1.061632,1.059828,1.059380,1.058847,1.057914,1.056219,1.055263,1.054234,1.052052,1.050194,1.047841,1.045625,1.042881,1.041574,1.039724,1.037482,1.033986,1.032293,1.030943,1.028604,1.025776,1.023024,1.019989,1.017663,1.015520,1.012399,1.008880,1.004724,1.000543,0.995190,0.992990,0.990550,0.988517,0.987511,0.994772
0.916047,0.917237,0.917798,0.919381,0.922450,0.925913,0.929724,0.933542,0.938656,0.943594,0.948221,0.952069,0.956380,0.961856,0.965180,0.970073,0.975686,0.980261,0.985244,0.986307,0.991024,0.996553,1.001070,1.004461,1.008903,1.012502,1.016124,1.019466,1.023341,1.026034,1.029420,1.032219,1.034492,1.036822,1.039643,1.042522,1.044548,1.046751,1.048271,1.050121,1.051408,1.053268,1.054710,1.055540,1.056900,1.057623,1.057928,1.059198,1.059073,1.059503,1.060703,1.061384,1.060752,1.065002,1.068217,1.066320,1.062560,1.060729,1.060131,1.059808,1.059786,1.059884,1.059095,1.058166,1.056686,1.056222,1.055307,1.053830,1.052666,1.051266,1.049174,1.047244,1.046318,1.043470,1.040298,1.038792,1.037521,1.034246,1.032077,1.029739,1.027785,1.025952,1.023613,1.019770,1.018080,1.015625,1.013381,1.010144,1.006885,1.003392,0.997960,0.991547,0.990614,0.988694,0.986558,0.984858,0.992231
0.914218,0.915083,0.915561,0.917669,0.920757,0.923578,0.928299,0.931044,0.935940,0.941704,0.946059,0.950159,0.954292,0.958933,0.962858,0.968310,0.973603,0.977699,0.982275,0.984989,0.990556,0.994627,0.998159,1.002013,1.006430,1.009789,1.013767,1.017380,1.020741,1.024301,1.027156,1.029658,1.032179,1.034963,1.037525,1.040445,1.042474,1.044671,1.046710,1.048093,1.049009,1.049793,1.051899,1.053292,1.054036,1.055168,1.055450,1.056639,1.056751,1.056713,1.057404,1.058173,1.058088,1.061827,1.065334,1.063724,1.059832,1.057714,1.057157,1.056365,1.055600,1.054823,1.055411,1.055035,1.053632,1.052388,1.051580,1.050339,1.049087,1.047913,1.046822,1.044179,1.042658,1.023574,1.033353,1.037337,1.034189,1.030771,1.029328,1.027253,1.025633,1.023716,1.021144,1.017390,1.015204,1.011383,1.007475,1.006834,1.003708,1.000714,0.993704,0.988826,0.988613,0.986156,0.983615,0.982051,0.989783
0.912338,0.913331,0.914041,0.916392,0.918980,0.919517,0.926447,0.930271,0.934070,0.939914,0.944009,0.948719,0.952547,0.957264,0.961597,0.966018,0.970864,0.974500,0.979467,0.983148,0.988316,0.992636,0.996163,0.999824,1.003869,1.007108,1.011246,1.014883,1.017984,1.021336,1.024450,1.027596,1.029938,1.032799,1.035217,1.038065,1.040200,1.042182,1.044334,1.045483,1.046771,1.046988,1.049376,1.050744,1.051810,1.052322,1.052946,1.053725,1.054560,1.054839,1.055383,1.055746,1.056016,1.058970,1.060586,1.060997,1.057697,1.055610,1.054966,1.053786,1.053098,1.052193,1.052870,1.051739,1.050827,1.049179,1.047883,1.047673,1.046060,1.044836,1.043488,1.041610,1.039051,1.037084,1.036486,1.033538,1.030514,1.029736,1.026900,1.024782,1.023294,1.021108,1.017763,1.013559,1.012485,1.009277,1.004493,1.003814,1.000481,0.997489,0.990120,0.985836,0.985286,0.982290,0.980930,0.980292,0.986989
0.909639,0.910656,0.911611,0.914144,0.916783,0.919546,0.924465,0.929187,0.932616,0.937105,0.941403,0.945899,0.950392,0.954268,0.958883,0.963540,0.967133,0.971001,0.976817,0.981634,0.986003,0.989656,0.993532,0.997231,1.001292,1.004709,1.008513,1.012401,1.015208,1.018583,1.021916,1.024333,1.027266,1.029888,1.032139,1.034921,1.037037,1.039458,1.040497,1.042319,1.043870,1.044598,1.046009,1.047881,1.048921,1.049977,1.049568,1.050882,1.051316,1.051490,1.052113,1.052918,1.053376,1.055961,1.058579,1.058056,1.054100,1.052519,1.052341,1.051484,1.050861,1.049627,1.049274,1.047650,1.046757,1.046408,1.045782,1.044222,1.042967,1.041686,1.040426,1.038382,1.036606,1.034028,1.032721,1.030684,1.028906,1.026898,1.023896,1.021284,1.020133,1.018202,1.014502,1.010245,1.009037,1.006636,1.003766,1.000679,0.998176,0.994439,0.988719,0.985034,0.981359,0.979117,0.977720,0.976880,0.983467
0.908127,0.909077,0.909640,0.911682,0.914239,0.918219,0.920457,0.924748,0.930962,0.934364,0.938747,0.943941,0.947990,0.951718,0.956967,0.961644,0.965205,0.969190,0.973957,0.978473,0.982512,0.986580,0.990836,0.994283,0.998660,1.001679,1.005436,1.009503,1.010486,1.016118,1.019200,1.021544,1.024320,1.026935,1.029910,1.031944,1.033542,1.036391,1.037866,1.039477,1.041256,1.042850,1.043384,1.044430,1.045923,1.046042,1.047251,1.048378,1.048842,1.048998,1.049537,1.050336,1.051065,1.053374,1.057108,1.055376,1.049899,1.049116,1.048527,1.047595,1.047438,1.045505,1.045630,1.044742,1.043355,1.042830,1.042315,1.040916,1.039823,1.036412,1.035891,1.034455,1.032635,1.031177,1.029659,1.028052,1.025669,1.022941,1.020814,1.018792,1.017749,1.015486,1.011770,1.006809,1.006156,1.004311,1.001095,0.997919,0.994872,0.985732,0.975303,0.979417,0.979053,0.975992,0.975110,0.972600,0.979360
0.904934,0.906485,0.907440,0.909189,0.911783,0.915526,0.919902,0.923221,0.928966,0.932930,0.936925,0.941368,0.944861,0.949349,0.954478,0.959252,0.963247,0.967569,0.971307,0.976214,0.979768,0.983607,0.988265,0.992026,0.995713,0.998655,1.002754,1.006274,1.008109,1.013906,1.016360,1.019168,1.021698,1.024725,1.026902,1.028924,1.031099,1.034425,1.035489,1.036962,1.038759,1.039503,1.041161,1.041841,1.042980,1.043141,1.045064,1.045678,1.046017,1.046163,1.047235,1.047638,1.047666,1.050133,1.053593,1.052535,1.048137,1.046630,1.045048,1.044150,1.044416,1.044088,1.043322,1.041676,1.040367,1.039005,1.038980,1.037862,1.037191,1.035195,1.033601,1.032485,1.029669,1.028076,1.026230,1.024752,1.022959,1.020992,1.018017,1.016270,1.014458,1.012406,1.008334,1.005423,1.004384,1.001286,0.998322,0.995227,0.991249,0.985353,0.978823,0.980208,0.977307,0.968936,0.970683,0.968936,0.974937
0.902643,0.903751,0.904643,0.906386,0.909354,0.912822,0.917657,0.922096,0.926055,0.930452,0.934722,0.937709,0.941520,0.946781,0.951627,0.956016,0.960291,0.965122,0.969023,0.973086,0.977176,0.981319,0.985710,0.989455,0.992860,0.996410,0.999731,1.003644,1.006809,1.010393,1.013527,1.016281,1.019153,1.021691,1.024364,1.026470,1.027972,1.030691,1.032390,1.033608,1.035384,1.036766,1.038039,1.038892,1.040126,1.040184,1.041575,1.041933,1.042072,1.042745,1.043598,1.042755,1.043020,1.046771,1.050301,1.049023,1.043998,1.042470,1.041420,1.040987,1.041747,1.040606,1.039361,1.038182,1.037512,1.034204,1.035501,1.034557,1.033570,1.032191,1.030656,1.028933,1.025937,1.024791,1.023833,1.021736,1.019456,1.017653,1.015468,1.012788,1.010806,1.008892,1.005875,1.002856,0.987843,0.997391,0.994586,0.991714,0.988173,0.984801,0.981512,0.977863,0.974219,0.969199,0.966437,0.964897,0.973002
0.900037,0.900992,0.902178,0.903661,0.906776,0.910343,0.914588,0.919153,0.923065,0.927429,0.931742,0.935871,0.939793,0.944759,0.949641,0.953288,0.957088,0.962413,0.965590,0.969675,0.974484,0.979185,0.982969,0.986633,0.990381,0.994140,0.997903,1.001693,1.004634,1.007907,1.011152,1.013821,1.016844,1.018903,1.021021,1.023528,1.024932,1.027156,1.029233,1.030451,1.032161,1.033626,1.035007,1.036085,1.036965,1.037883,1.038572,1.038866,1.039139,1.038915,1.039810,1.040528,1.040614,1.043200,1.047026,1.045047,1.040752,1.038322,1.038359,1.038248,1.038395,1.037154,1.036295,1.035325,1.034484,1.033339,1.032357,1.031099,1.030126,1.028373,1.026899,1.025226,1.023014,1.021745,1.020116,1.018608,1.016052,1.014272,1.012134,1.009294,1.007720,1.005475,1.002560,1.000091,0.989445,0.994851,0.992218,0.988526,0.985029,0.980924,0.977614,0.974262,0.971622,0.967894,0.962840,0.960548,0.970325
0.897540,0.898384,0.898338,0.900257,0.904366,0.907986,0.912406,0.916372,0.920509,0.924619,0.928635,0.932755,0.937389,0.942241,0.947059,0.950802,0.955004,0.958139,0.962965,0.968073,0.971872,0.976319,0.977600,0.979304,0.987739,0.990970,0.994854,0.998506,1.001765,1.005147,1.005772,1.010216,1.013998,1.016162,1.018281,1.019836,1.022121,1.023520,1.026150,1.027574,1.029133,1.031015,1.031565,1.032078,1.033079,1.035056,1.035015,1.034768,1.035248,1.036250,1.036281,1.037179,1.038134,1.039790,1.041864,1.043264,1.038421,1.035997,1.034953,1.034799,1.034438,1.034134,1.033533,1.032208,1.031417,1.030219,1.029665,1.028379,1.027037,1.026600,1.024911,1.022524,1.019693,1.019528,1.017832,1.015201,1.013593,1.011747,1.008701,1.007343,1.005123,1.003018,0.999487,0.997442,0.996371,0.991183,0.987241,0.984616,0.980850,0.977912,0.974494,0.971186,0.968563,0.965256,0.960983,0.958645,0.967136
0.894149,0.895781,0.894355,0.896092,0.900724,0.903885,0.908778,0.913026,0.917422,0.921171,0.925148,0.929437,0.933669,0.938770,0.943202,0.947563,0.952260,0.955737,0.959910,0.964372,0.968083,0.972094,0.975540,0.979721,0.983739,0.987333,0.990603,0.994695,0.998358,1.000711,1.003171,1.006896,1.009471,1.012132,1.014376,1.016372,1.018636,1.020311,1.022302,1.023461,1.025054,1.027053,1.025448,1.024932,1.028973,1.030487,1.030225,1.031206,1.031925,1.032419,1.032767,1.033495,1.034356,1.035813,1.039189,1.038943,1.033814,1.032082,1.031410,1.030746,1.030314,1.030034,1.029033,1.028318,1.027334,1.026371,1.024620,1.024150,1.022930,1.019866,1.021290,1.018161,1.015586,1.014223,1.013532,1.010848,1.009131,1.007077,1.005055,1.003290,1.001163,0.998695,0.994805,0.993061,0.990382,0.987152,0.983471,0.980213,0.977049,0.974470,0.971008,0.967551,0.963984,0.960268,0.956339,0.953653,0.952354
0.891115,0.893430,0.893416,0.894922,0.898047,0.901784,0.906202,0.910233,0.914807,0.919103,0.923130,0.927015,0.931829,0.936075,0.940710,0.945375,0.949512,0.953188,0.957398,0.961539,0.965812,0.969138,0.973035,0.977294,0.980879,0.984782,0.988577,0.991682,0.994917,0.997905,1.001002,1.003747,1.006705,1.008701,1.011521,1.013552,1.015486,1.017349,1.019433,1.020201,1.021948,1.023422,1.024538,1.025347,1.027094,1.027982,1.027034,1.028319,1.029200,1.029000,1.028967,1.029729,1.030383,1.032404,1.035382,1.035520,1.030453,1.028135,1.027590,1.026596,1.027160,1.026885,1.025887,1.025130,1.024381,1.023037,1.021523,1.020824,1.015673,1.002354,1.016788,1.014925,1.012596,1.010715,1.010170,1.009256,1.005636,1.003701,1.002014,1.000279,0.998161,0.995530,0.991887,0.990505,0.987275,0.984703,0.981414,0.977678,0.974143,0.971090,0.967772,0.962575,0.959793,0.957234,0.954036,0.952357,0.923085
0.889239,0.890258,0.890997,0.892786,0.895910,0.899795,0.904001,0.907904,0.911544,0.916279,0.920795,0.925240,0.929502,0.933216,0.937924,0.942588,0.947055,0.951064,0.955196,0.959640,0.963847,0.966842,0.970249,0.973998,0.977441,0.981306,0.985019,0.988075,0.991487,0.994976,0.997924,1.000873,1.003874,1.006238,1.008750,1.010374,1.012396,1.014269,1.015672,1.017327,1.019173,1.020819,1.021477,1.021923,1.023735,1.024827,1.025169,1.026181,1.026392,1.026280,1.025969,1.026471,1.027684,1.029855,1.032296,1.032639,1.025789,1.024961,1.024397,1.024026,1.024127,1.023487,1.022938,1.022152,1.021720,1.020211,1.018799,1.017853,1.017274,1.017176,1.014912,1.011066,1.010440,1.009788,1.007537,1.006020,1.003303,1.001292,0.999743,0.997729,0.995730,0.992857,0.989354,0.988383,0.985284,0.982009,0.978570,0.974672,0.971789,0.968553,0.964649,0.959011,0.957178,0.954085,0.951187,0.949110,0.956694
0.886633,0.887324,0.887060,0.889414,0.892552,0.896626,0.901153,0.905194,0.908078,0.913276,0.917444,0.922109,0.926596,0.930385,0.934857,0.939609,0.943834,0.948291,0.952440,0.956644,0.960330,0.963952,0.967701,0.970975,0.974223,0.978080,0.981630,0.985484,0.988384,0.991519,0.994656,0.998120,1.000663,1.002863,1.004915,1.007461,1.008748,1.010973,1.012237,1.013612,1.014750,1.017787,1.018220,1.018744,1.020305,1.021902,1.021896,1.022784,1.022919,1.023086,1.023436,1.023605,1.023541,1.026356,1.029924,1.029914,1.024773,1.022116,1.021163,1.021520,1.020752,1.020082,1.019702,1.019373,1.018031,1.017362,1.015386,1.015237,1.013948,1.012072,1.010956,1.007957,1.007551,1.006091,1.003888,1.002716,1.000732,0.998705,0.996788,0.994548,0.991771,0.989418,0.986606,0.984099,0.981976,0.978768,0.974792,0.971479,0.968186,0.965083,0.961230,0.955988,0.952635,0.949333,0.946895,0.946063,0.951823
0.883402,0.884175,0.884630,0.885842,0.888850,0.893289,0.898304,0.902755,0.906902,0.910602,0.914821,0.919807,0.924446,0.928024,0.931745,0.936461,0.941351,0.945695,0.950076,0.954009,0.957478,0.961567,0.964385,0.968442,0.971965,0.974996,0.978206,0.982123,0.985144,0.988589,0.991193,0.994297,0.997442,0.999749,1.001792,1.004308,1.005610,1.008234,1.009537,1.011411,1.013162,1.014312,1.015426,1.016747,1.018184,1.018931,1.018868,1.019260,1.019744,1.019932,1.020294,1.019621,1.019982,1.023208,1.027682,1.026586,1.021143,1.018291,1.017784,1.018284,1.017511,1.017509,1.017011,1.016583,1.015399,1.014211,1.013668,1.012343,1.010643,1.009532,1.007011,1.004393,1.004046,1.002814,1.001646,0.999716,0.997904,0.995608,0.993520,0.991882,0.989042,0.984177,0.982981,0.981698,0.978584,0.974702,0.972258,0.968944,0.964959,0.961163,0.957714,0.952275,0.948133,0.945018,0.942250,0.941990,0.943029
0.880518,0.881226,0.882334,0.883599,0.886562,0.890700,0.895707,0.899726,0.903760,0.907726,0.912616,0.917224,0.921580,0.925905,0.929609,0.934936,0.939289,0.943625,0.947333,0.951594,0.955397,0.958995,0.961999,0.965653,0.969467,0.972746,0.975963,0.979565,0.982928,0.986467,0.988863,0.989977,0.994561,0.996914,0.999544,1.001531,1.003361,1.005546,1.006918,1.008618,1.010732,1.011761,1.012980,1.014616,1.015438,1.013695,1.016537,1.017679,1.017428,1.017580,1.018024,1.018157,1.019035,1.021589,1.024157,1.022331,1.018556,1.015702,1.015876,1.015390,1.014945,1.014425,1.014010,1.014060,1.012992,1.011635,1.010311,1.009267,1.007955,1.006730,1.003758,1.001149,1.000649,0.998697,0.999085,0.996787,0.994976,0.992200,0.990901,0.988204,0.986196,0.983003,0.980805,0.977134,0.975365,0.972172,0.969381,0.965543,0.961571,0.956492,0.952348,0.947901,0.944260,0.940597,0.937777,0.936182,0.943147
0.877151,0.877716,0.878531,0.879747,0.882842,0.887545,0.892628,0.896918,0.901045,0.905306,0.909807,0.915151,0.919160,0.923588,0.927771,0.932873,0.937260,0.941634,0.945212,0.949365,0.953535,0.956183,0.959282,0.963342,0.966587,0.970071,0.974069,0.977717,0.980386,0.983488,0.986700,0.988824,0.992194,0.994240,0.996721,0.998326,0.999611,1.002386,1.004038,1.006176,1.008034,1.009382,1.010519,1.011989,1.013557,1.013679,1.014346,1.014775,1.014788,1.014650,1.015241,1.015544,1.015199,1.016524,1.021654,1.020688,1.015926,1.013411,1.012632,1.012529,1.012030,1.012170,1.010844,1.010657,1.009944,1.008825,1.007708,1.006738,1.005037,1.003296,1.001216,0.998865,0.998853,0.996607,0.995855,0.993590,0.991714,0.989641,0.987282,0.984533,0.982880,0.980481,0.977566,0.974094,0.971623,0.968675,0.965461,0.961084,0.957335,0.952811,0.949348,0.944520,0.939358,0.935665,0.933010,0.930794,0.937570
0.874038,0.874277,0.874751,0.876506,0.879916,0.885157,0.889670,0.894360,0.899216,0.902926,0.907321,0.912314,0.916779,0.921010,0.926324,0.930267,0.935033,0.940069,0.944119,0.948037,0.952211,0.954367,0.957084,0.962057,0.964867,0.968485,0.971506,0.975281,0.978539,0.981236,0.984164,0.986534,0.989095,0.992198,0.994471,0.996908,0.998755,1.000375,1.002642,1.004488,1.005589,1.007472,1.008378,1.009565,1.011140,1.011634,1.011805,1.012110,1.012197,1.012444,1.012810,1.012707,1.013018,1.015305,1.018985,1.018875,1.013510,1.011602,1.010954,1.009959,1.008139,1.008488,1.008296,1.007454,1.007114,1.005768,1.004991,1.003910,1.002243,1.000029,0.997506,0.996098,0.995433,0.993872,0.992212,0.989924,0.988037,0.985472,0.982900,0.981931,0.979063,0.975838,0.973052,0.970500,0.967673,0.964362,0.961119,0.957491,0.953066,0.948699,0.945164,0.939983,0.935881,0.931812,0.927904,0.925369,0.931123
0.869963,0.869531,0.871148,0.873989,0.878078,0.882633,0.888054,0.892784,0.897553,0.901606,0.905538,0.910584,0.915712,0.920144,0.926161,0.924637,0.929656,0.939045,0.942928,0.947207,0.950981,0.954312,0.957367,0.960926,0.963938,0.967630,0.970343,0.973486,0.976317,0.979987,0.982668,0.984290,0.987152,0.990983,0.993416,0.995243,0.997075,0.999371,1.001969,1.003049,1.004650,1.006405,1.007232,1.008724,1.009335,1.009866,1.010571,1.011063,1.010806,1.010929,1.010564,1.010817,1.011287,1.013515,1.016117,1.016856,1.012050,1.009669,1.008660,1.007684,1.006865,1.006463,1.006065,1.005277,1.004009,1.003265,1.002833,1.001134,0.998977,0.997124,0.994873,0.994131,0.992308,0.990787,0.989870,0.987614,0.985947,0.984388,0.980871,0.978322,0.975296,0.972058,0.969507,0.965967,0.964021,0.960649,0.956974,0.952450,0.948900,0.945487,0.941626,0.936262,0.931812,0.928164,0.924012,0.920006,0.922961
0.865638,0.866542,0.869002,0.872252,0.876471,0.881369,0.886737,0.892144,0.896971,0.901561,0.905386,0.910249,0.915714,0.919596,0.925637,0.930380,0.933645,0.938185,0.943122,0.947168,0.950834,0.954014,0.957426,0.960359,0.963964,0.967879,0.971149,0.974542,0.976538,0.980348,0.983355,0.985565,0.988040,0.990013,0.992907,0.995316,0.996834,0.999205,1.001309,1.002356,1.003705,1.004870,1.005715,1.007303,1.007482,1.007738,1.009437,1.010334,1.009961,1.009398,1.009941,1.010135,1.010458,1.012395,1.015009,1.015961,1.011699,1.008315,1.007171,1.006188,1.005064,1.005437,1.004736,1.003763,1.001771,1.000610,1.000229,0.998308,0.996855,0.995637,0.992449,0.991976,0.990296,0.988972,0.987300,0.985090,0.983596,0.982064,0.977740,0.975662,0.972771,0.969792,0.967079,0.963332,0.960803,0.957682,0.953897,0.948866,0.945578,0.942534,0.938628,0.933151,0.928780,0.925802,0.917148,0.913767,0.915104
0.862258,0.866008,0.869379,0.873322,0.877557,0.883192,0.888874,0.893840,0.898880,0.904002,0.908871,0.913679,0.917577,0.921703,0.927824,0.933163,0.936060,0.940094,0.944997,0.949336,0.953255,0.956444,0.959846,0.962771,0.964941,0.969106,0.972507,0.975686,0.979169,0.981841,0.984808,0.986918,0.989205,0.992408,0.994167,0.997095,0.998331,1.000687,1.002565,1.003993,1.005143,1.006278,1.007227,1.008392,1.008657,1.009901,1.010738,1.011819,1.011097,1.010809,1.011207,1.011395,1.011911,1.013565,1.015530,1.016362,1.011856,1.008232,1.007044,1.006311,1.005437,1.004723,1.003699,1.003050,1.002059,1.000545,0.998796,0.997128,0.995767,0.994071,0.991822,0.990420,0.988439,0.986688,0.984882,0.982868,0.981392,0.977422,0.976465,0.973745,0.970516,0.967318,0.964118,0.960920,0.958209,0.954192,0.951102,0.947313,0.943014,0.939505,0.935189,0.930832,0.926791,0.922301,0.896556,0.907837,0.914856
